https://eltonminetto.net/blog/2003/09/04/19/,https://eltonminetto.net/2003/09/04/19/
https://eltonminetto.net/blog/2003/09/04/contato/,https://eltonminetto.net/2003/09/04/contato/
https://eltonminetto.net/blog/2003/09/04/curriculo/,https://eltonminetto.net/2003/09/04/curriculo/
https://eltonminetto.net/blog/2003/09/04/software-livre/,https://eltonminetto.net/2003/09/04/software-livre/
https://eltonminetto.net/blog/2003/09/04/trabalho/,https://eltonminetto.net/2003/09/04/trabalho/
https://eltonminetto.net/blog/2003/10/10/o-uso-de-software-livre-no-desenvolvimento-de-aplicativos-web/,https://eltonminetto.net/2003/10/10/o-uso-de-software-livre-no-desenvolvimento-de-aplicativos-web/
https://eltonminetto.net/blog/2003/10/10/o-uso-de-templates-em-php/,https://eltonminetto.net/2003/10/10/o-uso-de-templates-em-php/
https://eltonminetto.net/blog/2003/11/18/17/,https://eltonminetto.net/2003/11/18/17/
https://eltonminetto.net/blog/2003/11/18/software-livre-e-linux/,https://eltonminetto.net/2003/11/18/software-livre-e-linux/
https://eltonminetto.net/blog/2003/11/26/16/,https://eltonminetto.net/2003/11/26/16/
https://eltonminetto.net/blog/2003/11/26/conexao-com-oracle-usando-python/,https://eltonminetto.net/2003/11/26/conexao-com-oracle-usando-python/
https://eltonminetto.net/blog/2003/11/26/script-para-desligar-maquinas-linux/,https://eltonminetto.net/2003/11/26/script-para-desligar-maquinas-linux/
https://eltonminetto.net/blog/2004/03/19/algoritmo-de-bully-em-python-e-sockets-unix/,https://eltonminetto.net/2004/03/19/algoritmo-de-bully-em-python-e-sockets-unix/
https://eltonminetto.net/blog/2004/04/01/14/,https://eltonminetto.net/2004/04/01/14/
https://eltonminetto.net/blog/2004/04/12/phpdbform/,https://eltonminetto.net/2004/04/12/phpdbform/
https://eltonminetto.net/blog/2004/05/05/13/,https://eltonminetto.net/2004/05/05/13/
https://eltonminetto.net/blog/2004/05/05/pequeno-exemplo-do-uso-de-soap-para-criar-um-webservice/,https://eltonminetto.net/2004/05/05/pequeno-exemplo-do-uso-de-soap-para-criar-um-webservice/
https://eltonminetto.net/blog/2004/05/10/12/,https://eltonminetto.net/2004/05/10/12/
https://eltonminetto.net/blog/2004/05/10/materiais-do-curso-de-linux/,https://eltonminetto.net/2004/05/10/materiais-do-curso-de-linux/
https://eltonminetto.net/blog/2004/06/14/automatizacao-de-tarefas-do-openoffice-usando-o-python/,https://eltonminetto.net/2004/06/14/automatizacao-de-tarefas-do-openoffice-usando-o-python/
https://eltonminetto.net/blog/2004/06/17/10/,https://eltonminetto.net/2004/06/17/10/
https://eltonminetto.net/blog/2004/07/20/9/,https://eltonminetto.net/2004/07/20/9/
https://eltonminetto.net/blog/2004/08/10/8/,https://eltonminetto.net/2004/08/10/8/
https://eltonminetto.net/blog/2004/08/10/materiais-do-curso-de-redes/,https://eltonminetto.net/2004/08/10/materiais-do-curso-de-redes/
https://eltonminetto.net/blog/2004/08/24/7/,https://eltonminetto.net/2004/08/24/7/
https://eltonminetto.net/blog/2004/08/24/programa-em-forth/,https://eltonminetto.net/2004/08/24/programa-em-forth/
https://eltonminetto.net/blog/2004/08/26/6/,https://eltonminetto.net/2004/08/26/6/
https://eltonminetto.net/blog/2004/09/01/kurumindeveloper/,https://eltonminetto.net/2004/09/01/kurumindeveloper/
https://eltonminetto.net/blog/2004/10/05/indo-pro-texas/,https://eltonminetto.net/2004/10/05/indo-pro-texas/
https://eltonminetto.net/blog/2004/12/06/novo-laout/,https://eltonminetto.net/2004/12/06/novo-laout/
https://eltonminetto.net/blog/2004/12/13/ubuntu-linux/,https://eltonminetto.net/2004/12/13/ubuntu-linux/
https://eltonminetto.net/blog/2004/12/21/mais-sobre-web-services/,https://eltonminetto.net/2004/12/21/mais-sobre-web-services/
https://eltonminetto.net/blog/2004/12/22/convites-do-gmail/,https://eltonminetto.net/2004/12/22/convites-do-gmail/
https://eltonminetto.net/blog/2004/12/22/palavras-do-torvalds/,https://eltonminetto.net/2004/12/22/palavras-do-torvalds/
https://eltonminetto.net/blog/2005/01/04/adeus-ao-mestre/,https://eltonminetto.net/2005/01/04/adeus-ao-mestre/
https://eltonminetto.net/blog/2005/01/07/linha-de-codigo/,https://eltonminetto.net/2005/01/07/linha-de-codigo/
https://eltonminetto.net/blog/2005/01/07/o-paradoxo-python/,https://eltonminetto.net/2005/01/07/o-paradoxo-python/
https://eltonminetto.net/blog/2005/01/26/java-e-gtk/,https://eltonminetto.net/2005/01/26/java-e-gtk/
https://eltonminetto.net/blog/2005/02/02/nerd-score/,https://eltonminetto.net/2005/02/02/nerd-score/
https://eltonminetto.net/blog/2005/02/22/monografia/,https://eltonminetto.net/2005/02/22/monografia/
https://eltonminetto.net/blog/2005/03/11/the-rise-of-php/,https://eltonminetto.net/2005/03/11/the-rise-of-php/
https://eltonminetto.net/blog/2005/03/29/the-rise-of-python/,https://eltonminetto.net/2005/03/29/the-rise-of-python/
https://eltonminetto.net/blog/2005/04/21/grid-computing-in-research-and-education/,https://eltonminetto.net/2005/04/21/grid-computing-in-research-and-education/
https://eltonminetto.net/blog/2005/05/07/leituras-interessantes/,https://eltonminetto.net/2005/05/07/leituras-interessantes/
https://eltonminetto.net/blog/2005/05/09/php5-e-webservices/,https://eltonminetto.net/2005/05/09/php5-e-webservices/
https://eltonminetto.net/blog/2005/05/10/update/,https://eltonminetto.net/2005/05/10/update/
https://eltonminetto.net/blog/2005/05/17/keep-it-simple-stupid/,https://eltonminetto.net/2005/05/17/keep-it-simple-stupid/
https://eltonminetto.net/blog/2005/05/31/why-python/,https://eltonminetto.net/2005/05/31/why-python/
https://eltonminetto.net/blog/2005/06/02/indo-pro-fisl/,https://eltonminetto.net/2005/06/02/indo-pro-fisl/
https://eltonminetto.net/blog/2005/06/06/fisl-60/,https://eltonminetto.net/2005/06/06/fisl-60/
https://eltonminetto.net/blog/2005/06/14/68/,https://eltonminetto.net/2005/06/14/68/
https://eltonminetto.net/blog/2005/06/30/textos-interessantes/,https://eltonminetto.net/2005/06/30/textos-interessantes/
https://eltonminetto.net/blog/2005/07/19/ajax/,https://eltonminetto.net/2005/07/19/ajax/
https://eltonminetto.net/blog/2005/07/19/python-na-microsoft/,https://eltonminetto.net/2005/07/19/python-na-microsoft/
https://eltonminetto.net/blog/2005/07/20/dicas-openldap/,https://eltonminetto.net/2005/07/20/dicas-openldap/
https://eltonminetto.net/blog/2005/07/20/frases-geeks/,https://eltonminetto.net/2005/07/20/frases-geeks/
https://eltonminetto.net/blog/2005/07/22/django/,https://eltonminetto.net/2005/07/22/django/
https://eltonminetto.net/blog/2005/07/25/75/,https://eltonminetto.net/2005/07/25/75/
https://eltonminetto.net/blog/2005/08/03/softwares-de-rss/,https://eltonminetto.net/2005/08/03/softwares-de-rss/
https://eltonminetto.net/blog/2005/08/12/python-for-oracle-geeks/,https://eltonminetto.net/2005/08/12/python-for-oracle-geeks/
https://eltonminetto.net/blog/2005/08/15/grid-computing-products-and-services/,https://eltonminetto.net/2005/08/15/grid-computing-products-and-services/
https://eltonminetto.net/blog/2005/08/16/dia-do-rock/,https://eltonminetto.net/2005/08/16/dia-do-rock/
https://eltonminetto.net/blog/2005/09/03/viagem-dia-do-rock/,https://eltonminetto.net/2005/09/03/viagem-dia-do-rock/
https://eltonminetto.net/blog/2005/09/27/palestra-sobre-grids/,https://eltonminetto.net/2005/09/27/palestra-sobre-grids/
https://eltonminetto.net/blog/2005/10/14/great-companies-arent-born-theyre-grown/,https://eltonminetto.net/2005/10/14/great-companies-arent-born-theyre-grown/
https://eltonminetto.net/blog/2005/10/17/tabelas-dinamicas-em-ajax/,https://eltonminetto.net/2005/10/17/tabelas-dinamicas-em-ajax/
https://eltonminetto.net/blog/2005/10/28/frappr/,https://eltonminetto.net/2005/10/28/frappr/
https://eltonminetto.net/blog/2005/10/28/planetario/,https://eltonminetto.net/2005/10/28/planetario/
https://eltonminetto.net/blog/2005/11/07/cliente-do-wwg-para-linux/,https://eltonminetto.net/2005/11/07/cliente-do-wwg-para-linux/
https://eltonminetto.net/blog/2005/11/08/livro-sobre-open-source/,https://eltonminetto.net/2005/11/08/livro-sobre-open-source/
https://eltonminetto.net/blog/2005/11/11/biblioteca-c-paint/,https://eltonminetto.net/2005/11/11/biblioteca-c-paint/
https://eltonminetto.net/blog/2005/11/12/presentes-de-natal/,https://eltonminetto.net/2005/11/12/presentes-de-natal/
https://eltonminetto.net/blog/2005/11/18/scriptaculous/,https://eltonminetto.net/2005/11/18/scriptaculous/
https://eltonminetto.net/blog/2005/11/18/tango/,https://eltonminetto.net/2005/11/18/tango/
https://eltonminetto.net/blog/2006/01/27/ajax-sem-usar-bibliotecas/,https://eltonminetto.net/2006/01/27/ajax-sem-usar-bibliotecas/
https://eltonminetto.net/blog/2006/02/01/eclipse-php-e-cvs/,https://eltonminetto.net/2006/02/01/eclipse-php-e-cvs/
https://eltonminetto.net/blog/2006/03/03/retornando-multiplos-valores-com-ajax/,https://eltonminetto.net/2006/03/03/retornando-multiplos-valores-com-ajax/
https://eltonminetto.net/blog/2006/03/10/116/,https://eltonminetto.net/2006/03/10/116/
https://eltonminetto.net/blog/2006/03/10/hey-man-look-at-me-rockin-out-im-on-the-video/,https://eltonminetto.net/2006/03/10/hey-man-look-at-me-rockin-out-im-on-the-video/
https://eltonminetto.net/blog/2006/03/13/classe-generica-para-trabalhar-com-tabelas/,https://eltonminetto.net/2006/03/13/classe-generica-para-trabalhar-com-tabelas/
https://eltonminetto.net/blog/2006/03/17/json/,https://eltonminetto.net/2006/03/17/json/
https://eltonminetto.net/blog/2006/03/20/120/,https://eltonminetto.net/2006/03/20/120/
https://eltonminetto.net/blog/2006/03/29/resumo-de-comandos-do-vi/,https://eltonminetto.net/2006/03/29/resumo-de-comandos-do-vi/
https://eltonminetto.net/blog/2006/04/19/125/,https://eltonminetto.net/2006/04/19/125/
https://eltonminetto.net/blog/2006/04/19/development-tree-of-unix-networking-code/,https://eltonminetto.net/2006/04/19/development-tree-of-unix-networking-code/
https://eltonminetto.net/blog/2006/04/19/indo-pro-fisl-2/,https://eltonminetto.net/2006/04/19/indo-pro-fisl-2/
https://eltonminetto.net/blog/2006/04/26/relato-do-fisl-70/,https://eltonminetto.net/2006/04/26/relato-do-fisl-70/
https://eltonminetto.net/blog/2006/04/28/a-chegada-do-boom-do-php/,https://eltonminetto.net/2006/04/28/a-chegada-do-boom-do-php/
https://eltonminetto.net/blog/2006/05/08/feed-zero/,https://eltonminetto.net/2006/05/08/feed-zero/
https://eltonminetto.net/blog/2006/05/11/miniframework-php/,https://eltonminetto.net/2006/05/11/miniframework-php/
https://eltonminetto.net/blog/2006/05/12/conjuntos-em-python/,https://eltonminetto.net/2006/05/12/conjuntos-em-python/
https://eltonminetto.net/blog/2006/05/12/lastfm/,https://eltonminetto.net/2006/05/12/lastfm/
https://eltonminetto.net/blog/2006/05/17/padroes-algoritmicos-em-python/,https://eltonminetto.net/2006/05/17/padroes-algoritmicos-em-python/
https://eltonminetto.net/blog/2006/05/19/artigo-sobre-python-e-oracle/,https://eltonminetto.net/2006/05/19/artigo-sobre-python-e-oracle/
https://eltonminetto.net/blog/2006/05/23/aplicativos-portateis/,https://eltonminetto.net/2006/05/23/aplicativos-portateis/
https://eltonminetto.net/blog/2006/05/30/medindo-tempo-de-execucao-de-scripts-python/,https://eltonminetto.net/2006/05/30/medindo-tempo-de-execucao-de-scripts-python/
https://eltonminetto.net/blog/2006/06/02/miniframework-ajax/,https://eltonminetto.net/2006/06/02/miniframework-ajax/
https://eltonminetto.net/blog/2006/06/08/atk/,https://eltonminetto.net/2006/06/08/atk/
https://eltonminetto.net/blog/2006/06/10/nerd-view/,https://eltonminetto.net/2006/06/10/nerd-view/
https://eltonminetto.net/blog/2006/07/09/novo-menu-da-novell-no-dapper/,https://eltonminetto.net/2006/07/09/novo-menu-da-novell-no-dapper/
https://eltonminetto.net/blog/2006/07/14/formulario-dinamico/,https://eltonminetto.net/2006/07/14/formulario-dinamico/
https://eltonminetto.net/blog/2006/07/20/seguranca/,https://eltonminetto.net/2006/07/20/seguranca/
https://eltonminetto.net/blog/2006/07/21/blogblogs/,https://eltonminetto.net/2006/07/21/blogblogs/
https://eltonminetto.net/blog/2006/07/25/minha-aplicacao-web-20/,https://eltonminetto.net/2006/07/25/minha-aplicacao-web-20/
https://eltonminetto.net/blog/2006/07/28/instalando-o-engage-no-dapper/,https://eltonminetto.net/2006/07/28/instalando-o-engage-no-dapper/
https://eltonminetto.net/blog/2006/08/05/cache-de-dns-para-navegacao-mais-rapida/,https://eltonminetto.net/2006/08/05/cache-de-dns-para-navegacao-mais-rapida/
https://eltonminetto.net/blog/2006/08/05/outdoor-do-ubuntu/,https://eltonminetto.net/2006/08/05/outdoor-do-ubuntu/
https://eltonminetto.net/blog/2006/08/19/gerando-syntax-highlighting-com-enscript/,https://eltonminetto.net/2006/08/19/gerando-syntax-highlighting-com-enscript/
https://eltonminetto.net/blog/2006/08/21/minha-aplicacao-web-20-fontes/,https://eltonminetto.net/2006/08/21/minha-aplicacao-web-20-fontes/
https://eltonminetto.net/blog/2006/08/27/metodo-de-monte-carlo-distribuido/,https://eltonminetto.net/2006/08/27/metodo-de-monte-carlo-distribuido/
https://eltonminetto.net/blog/2006/09/07/o-lugar-perfeito-para-trabalhar/,https://eltonminetto.net/2006/09/07/o-lugar-perfeito-para-trabalhar/
https://eltonminetto.net/blog/2006/09/18/10-linguagens-de-programacao-que-deveria-aprender-agora/,https://eltonminetto.net/2006/09/18/10-linguagens-de-programacao-que-deveria-aprender-agora/
https://eltonminetto.net/blog/2006/09/24/cake-php-e-oracle/,https://eltonminetto.net/2006/09/24/cake-php-e-oracle/
https://eltonminetto.net/blog/2006/09/27/material-curso-python/,https://eltonminetto.net/2006/09/27/material-curso-python/
https://eltonminetto.net/blog/2006/10/11/pvfs/,https://eltonminetto.net/2006/10/11/pvfs/
https://eltonminetto.net/blog/2006/10/16/169/,https://eltonminetto.net/2006/10/16/169/
https://eltonminetto.net/blog/2006/10/27/php-conference-brasil/,https://eltonminetto.net/2006/10/27/php-conference-brasil/
https://eltonminetto.net/blog/2006/10/31/melhores-praticas-de-desenvolvimento-em-php/,https://eltonminetto.net/2006/10/31/melhores-praticas-de-desenvolvimento-em-php/
https://eltonminetto.net/blog/2006/11/06/concurso-de-programacao-em-php/,https://eltonminetto.net/2006/11/06/concurso-de-programacao-em-php/
https://eltonminetto.net/blog/2006/11/16/monte-carlo-distribuido-usando-pyro/,https://eltonminetto.net/2006/11/16/monte-carlo-distribuido-usando-pyro/
https://eltonminetto.net/blog/2006/11/17/174/,https://eltonminetto.net/2006/11/17/174/
https://eltonminetto.net/blog/2006/11/28/gedit-ambiente-de-programacao/,https://eltonminetto.net/2006/11/28/gedit-ambiente-de-programacao/
https://eltonminetto.net/blog/2006/12/04/efeitos-cool-no-ubuntu/,https://eltonminetto.net/2006/12/04/efeitos-cool-no-ubuntu/
https://eltonminetto.net/blog/2006/12/04/relato-do-php-conference/,https://eltonminetto.net/2006/12/04/relato-do-php-conference/
https://eltonminetto.net/blog/2006/12/13/palestra-do-symfony-no-youtube/,https://eltonminetto.net/2006/12/13/palestra-do-symfony-no-youtube/
https://eltonminetto.net/blog/2006/12/22/gnome-open/,https://eltonminetto.net/2006/12/22/gnome-open/
https://eltonminetto.net/blog/2007/01/02/palestra-do-cake-no-youtub/,https://eltonminetto.net/2007/01/02/palestra-do-cake-no-youtub/
https://eltonminetto.net/blog/2007/01/02/slimphp/,https://eltonminetto.net/2007/01/02/slimphp/
https://eltonminetto.net/blog/2007/01/03/comparacao-entre-frameworks/,https://eltonminetto.net/2007/01/03/comparacao-entre-frameworks/
https://eltonminetto.net/blog/2007/01/08/184/,https://eltonminetto.net/2007/01/08/184/
https://eltonminetto.net/blog/2007/01/28/pythonbrasil-de-cara-nova/,https://eltonminetto.net/2007/01/28/pythonbrasil-de-cara-nova/
https://eltonminetto.net/blog/2007/02/01/vaga-para-programador/,https://eltonminetto.net/2007/02/01/vaga-para-programador/
https://eltonminetto.net/blog/2007/02/02/visitando-um-velho-amigo/,https://eltonminetto.net/2007/02/02/visitando-um-velho-amigo/
https://eltonminetto.net/blog/2007/02/06/capturando-telas-com-maior-resolucao-no-linux/,https://eltonminetto.net/2007/02/06/capturando-telas-com-maior-resolucao-no-linux/
https://eltonminetto.net/blog/2007/02/07/disciplina-interessante/,https://eltonminetto.net/2007/02/07/disciplina-interessante/
https://eltonminetto.net/blog/2007/02/08/fisl-8-ai-vou-eu/,https://eltonminetto.net/2007/02/08/fisl-8-ai-vou-eu/
https://eltonminetto.net/blog/2007/02/08/scribes/,https://eltonminetto.net/2007/02/08/scribes/
https://eltonminetto.net/blog/2007/02/09/cool-ubuntu-applications/,https://eltonminetto.net/2007/02/09/cool-ubuntu-applications/
https://eltonminetto.net/blog/2007/03/06/texto-na-php-magazine/,https://eltonminetto.net/2007/03/06/texto-na-php-magazine/
https://eltonminetto.net/blog/2007/03/14/textos-para-refletir/,https://eltonminetto.net/2007/03/14/textos-para-refletir/
https://eltonminetto.net/blog/2007/03/23/nova-etapa/,https://eltonminetto.net/2007/03/23/nova-etapa/
https://eltonminetto.net/blog/2007/03/24/komodo-edit/,https://eltonminetto.net/2007/03/24/komodo-edit/
https://eltonminetto.net/blog/2007/04/11/indo-pro-fisl-80/,https://eltonminetto.net/2007/04/11/indo-pro-fisl-80/
https://eltonminetto.net/blog/2007/04/15/palestra-sobre-cakephp-no-fisl-2007/,https://eltonminetto.net/2007/04/15/palestra-sobre-cakephp-no-fisl-2007/
https://eltonminetto.net/blog/2007/04/17/agora-certificado/,https://eltonminetto.net/2007/04/17/agora-certificado/
https://eltonminetto.net/blog/2007/04/18/material-sobre-django/,https://eltonminetto.net/2007/04/18/material-sobre-django/
https://eltonminetto.net/blog/2007/04/30/better-gmail/,https://eltonminetto.net/2007/04/30/better-gmail/
https://eltonminetto.net/blog/2007/04/30/funciona/,https://eltonminetto.net/2007/04/30/funciona/
https://eltonminetto.net/blog/2007/04/30/mais-sobre-django/,https://eltonminetto.net/2007/04/30/mais-sobre-django/
https://eltonminetto.net/blog/2007/05/07/livro-frameworks-para-desenvolvimento-em-php/,https://eltonminetto.net/2007/05/07/livro-frameworks-para-desenvolvimento-em-php/
https://eltonminetto.net/blog/2007/05/08/livro-frameworks-para-desenvolvimento-em-php/,https://eltonminetto.net/2007/05/08/livro-frameworks-para-desenvolvimento-em-php/
https://eltonminetto.net/blog/2007/05/18/material-da-palestra-de-grids-senac/,https://eltonminetto.net/2007/05/18/material-da-palestra-de-grids-senac/
https://eltonminetto.net/blog/2007/05/25/lancamento-do-livro/,https://eltonminetto.net/2007/05/25/lancamento-do-livro/
https://eltonminetto.net/blog/2007/06/05/fotos-e-arquivo-da-palestra-de-lancamento-do-livro/,https://eltonminetto.net/2007/06/05/fotos-e-arquivo-da-palestra-de-lancamento-do-livro/
https://eltonminetto.net/blog/2007/06/05/xdebug/,https://eltonminetto.net/2007/06/05/xdebug/
https://eltonminetto.net/blog/2007/06/06/fotos-e-arquivo-da-palestra-de-lancamento-do-livro/,https://eltonminetto.net/2007/06/06/fotos-e-arquivo-da-palestra-de-lancamento-do-livro/
https://eltonminetto.net/blog/2007/06/23/evendo-de-frameworks-em-sao-paulo/,https://eltonminetto.net/2007/06/23/evendo-de-frameworks-em-sao-paulo/
https://eltonminetto.net/blog/2007/06/23/palestra-em-brasilia/,https://eltonminetto.net/2007/06/23/palestra-em-brasilia/
https://eltonminetto.net/blog/2007/07/05/palestra-em-xanxere/,https://eltonminetto.net/2007/07/05/palestra-em-xanxere/
https://eltonminetto.net/blog/2007/07/11/codigos-do-livro-frameworks-para-desenvolvimento-em-php/,https://eltonminetto.net/2007/07/11/codigos-do-livro-frameworks-para-desenvolvimento-em-php/
https://eltonminetto.net/blog/2007/08/06/relato-do-evento-frameworks-de-desenvolvimento-web-com-php/,https://eltonminetto.net/2007/08/06/relato-do-evento-frameworks-de-desenvolvimento-web-com-php/
https://eltonminetto.net/blog/2007/08/21/vi-seminario-de-sistemas-de-informacao-fie/,https://eltonminetto.net/2007/08/21/vi-seminario-de-sistemas-de-informacao-fie/
https://eltonminetto.net/blog/2007/08/27/exemplo-de-rmi/,https://eltonminetto.net/2007/08/27/exemplo-de-rmi/
https://eltonminetto.net/blog/2007/08/30/material-da-palestra-oportunidades-do-software-livre/,https://eltonminetto.net/2007/08/30/material-da-palestra-oportunidades-do-software-livre/
https://eltonminetto.net/blog/2007/09/04/para-pensar/,https://eltonminetto.net/2007/09/04/para-pensar/
https://eltonminetto.net/blog/2007/09/13/novos-universos/,https://eltonminetto.net/2007/09/13/novos-universos/
https://eltonminetto.net/blog/2007/09/22/arquivos-palestra-i-boot/,https://eltonminetto.net/2007/09/22/arquivos-palestra-i-boot/
https://eltonminetto.net/blog/2007/09/24/smultron/,https://eltonminetto.net/2007/09/24/smultron/
https://eltonminetto.net/blog/2007/10/02/boas-noticias-para-os-frameworks/,https://eltonminetto.net/2007/10/02/boas-noticias-para-os-frameworks/
https://eltonminetto.net/blog/2007/10/08/unochapeco-e-google/,https://eltonminetto.net/2007/10/08/unochapeco-e-google/
https://eltonminetto.net/blog/2007/10/18/slimphp-11/,https://eltonminetto.net/2007/10/18/slimphp-11/
https://eltonminetto.net/blog/2007/10/19/atualizacoes/,https://eltonminetto.net/2007/10/19/atualizacoes/
https://eltonminetto.net/blog/2007/10/25/material-sobre-zend-framework-101/,https://eltonminetto.net/2007/10/25/material-sobre-zend-framework-101/
https://eltonminetto.net/blog/2007/10/29/evento-mao-na-massa-cake/,https://eltonminetto.net/2007/10/29/evento-mao-na-massa-cake/
https://eltonminetto.net/blog/2007/10/31/customizando-o-gedit-como-uma-ide-para-desenvolvimento-web/,https://eltonminetto.net/2007/10/31/customizando-o-gedit-como-uma-ide-para-desenvolvimento-web/
https://eltonminetto.net/blog/2007/10/31/indicacao-de-lista/,https://eltonminetto.net/2007/10/31/indicacao-de-lista/
https://eltonminetto.net/blog/2007/11/06/flock-10/,https://eltonminetto.net/2007/11/06/flock-10/
https://eltonminetto.net/blog/2007/12/04/me-ajude-a-ganhar-um-eeepc/,https://eltonminetto.net/2007/12/04/me-ajude-a-ganhar-um-eeepc/
https://eltonminetto.net/blog/2007/12/19/up-the-irons/,https://eltonminetto.net/2007/12/19/up-the-irons/
https://eltonminetto.net/blog/2008/01/17/como-pensar-como-um-cientista-da-computacao-usando-python/,https://eltonminetto.net/2008/01/17/como-pensar-como-um-cientista-da-computacao-usando-python/
https://eltonminetto.net/blog/2008/01/20/os-nerds-sao-cool/,https://eltonminetto.net/2008/01/20/os-nerds-sao-cool/
https://eltonminetto.net/blog/2008/01/24/tcc-sobre-customizacao-de-distribuicao-linux/,https://eltonminetto.net/2008/01/24/tcc-sobre-customizacao-de-distribuicao-linux/
https://eltonminetto.net/blog/2008/01/26/editores-de-programacao-para-mac/,https://eltonminetto.net/2008/01/26/editores-de-programacao-para-mac/
https://eltonminetto.net/blog/2008/01/28/242/,https://eltonminetto.net/2008/01/28/242/
https://eltonminetto.net/blog/2008/01/28/amadurecimento-do-modelo-de-software-livre/,https://eltonminetto.net/2008/01/28/amadurecimento-do-modelo-de-software-livre/
https://eltonminetto.net/blog/2008/02/13/mao-na-massa-cake/,https://eltonminetto.net/2008/02/13/mao-na-massa-cake/
https://eltonminetto.net/blog/2008/02/14/site-sobre-frameworks-de-php/,https://eltonminetto.net/2008/02/14/site-sobre-frameworks-de-php/
https://eltonminetto.net/blog/2008/02/18/yagni/,https://eltonminetto.net/2008/02/18/yagni/
https://eltonminetto.net/blog/2008/02/20/fotos-do-evento-mao-na-massa-cake/,https://eltonminetto.net/2008/02/20/fotos-do-evento-mao-na-massa-cake/
https://eltonminetto.net/blog/2008/02/28/novos-rumos/,https://eltonminetto.net/2008/02/28/novos-rumos/
https://eltonminetto.net/blog/2008/02/28/professor-nerd/,https://eltonminetto.net/2008/02/28/professor-nerd/
https://eltonminetto.net/blog/2008/03/12/minicurso-de-django-em-sp/,https://eltonminetto.net/2008/03/12/minicurso-de-django-em-sp/
https://eltonminetto.net/blog/2008/03/19/reportagem-sobre-django-na-info-online/,https://eltonminetto.net/2008/03/19/reportagem-sobre-django-na-info-online/
https://eltonminetto.net/blog/2008/04/02/mais-django-na-info/,https://eltonminetto.net/2008/04/02/mais-django-na-info/
https://eltonminetto.net/blog/2008/04/11/livro-sobre-zend-framework/,https://eltonminetto.net/2008/04/11/livro-sobre-zend-framework/
https://eltonminetto.net/blog/2008/04/11/softwares-open-source-para-mac/,https://eltonminetto.net/2008/04/11/softwares-open-source-para-mac/
https://eltonminetto.net/blog/2008/04/14/escritorios-da-web-20/,https://eltonminetto.net/2008/04/14/escritorios-da-web-20/
https://eltonminetto.net/blog/2008/04/15/fisl-90/,https://eltonminetto.net/2008/04/15/fisl-90/
https://eltonminetto.net/blog/2008/04/16/aptana/,https://eltonminetto.net/2008/04/16/aptana/
https://eltonminetto.net/blog/2008/04/22/python-mcrypt/,https://eltonminetto.net/2008/04/22/python-mcrypt/
https://eltonminetto.net/blog/2008/04/22/resenhas-de-livros-nacionais-de-php/,https://eltonminetto.net/2008/04/22/resenhas-de-livros-nacionais-de-php/
https://eltonminetto.net/blog/2008/04/23/fisl-90-2/,https://eltonminetto.net/2008/04/23/fisl-90-2/
https://eltonminetto.net/blog/2008/04/23/minicurso-de-webdesign/,https://eltonminetto.net/2008/04/23/minicurso-de-webdesign/
https://eltonminetto.net/blog/2008/04/25/500-livros-vendidos/,https://eltonminetto.net/2008/04/25/500-livros-vendidos/
https://eltonminetto.net/blog/2008/04/25/criando-uma-pseudo-coluna-no-cakephp/,https://eltonminetto.net/2008/04/25/criando-uma-pseudo-coluna-no-cakephp/
https://eltonminetto.net/blog/2008/04/25/plugin-para-o-wordpress-fazer-highlight-em-fontes/,https://eltonminetto.net/2008/04/25/plugin-para-o-wordpress-fazer-highlight-em-fontes/
https://eltonminetto.net/blog/2008/04/26/evento-phpsc-chamada-de-trabalhos/,https://eltonminetto.net/2008/04/26/evento-phpsc-chamada-de-trabalhos/
https://eltonminetto.net/blog/2008/04/26/video-aula-de-python-e-glade/,https://eltonminetto.net/2008/04/26/video-aula-de-python-e-glade/
https://eltonminetto.net/blog/2008/05/01/pybovespa/,https://eltonminetto.net/2008/05/01/pybovespa/
https://eltonminetto.net/blog/2008/05/26/dicas-de-performance-para-scripts-php/,https://eltonminetto.net/2008/05/26/dicas-de-performance-para-scripts-php/
https://eltonminetto.net/blog/2008/05/28/fotos-do-mao-na-massa-django/,https://eltonminetto.net/2008/05/28/fotos-do-mao-na-massa-django/
https://eltonminetto.net/blog/2008/05/29/mao-na-massa-python/,https://eltonminetto.net/2008/05/29/mao-na-massa-python/
https://eltonminetto.net/blog/2008/05/30/phpsc-conf/,https://eltonminetto.net/2008/05/30/phpsc-conf/
https://eltonminetto.net/blog/2008/06/02/meu-livro-sendo-usado-em-curso-da-4linux/,https://eltonminetto.net/2008/06/02/meu-livro-sendo-usado-em-curso-da-4linux/
https://eltonminetto.net/blog/2008/06/10/curso-de-python-em-chapeco/,https://eltonminetto.net/2008/06/10/curso-de-python-em-chapeco/
https://eltonminetto.net/blog/2008/06/17/gerador-de-provas-em-python/,https://eltonminetto.net/2008/06/17/gerador-de-provas-em-python/
https://eltonminetto.net/blog/2008/06/17/questionario-sobre-php/,https://eltonminetto.net/2008/06/17/questionario-sobre-php/
https://eltonminetto.net/blog/2008/06/23/saldo-do-phpsc-conf/,https://eltonminetto.net/2008/06/23/saldo-do-phpsc-conf/
https://eltonminetto.net/blog/2008/06/24/ajude-a-sustentar-a-wikipedia-e-outros-projetos-sem-colocar-a-mao-no-bolso-e-concorra-a-um-eee-pc/,https://eltonminetto.net/2008/06/24/ajude-a-sustentar-a-wikipedia-e-outros-projetos-sem-colocar-a-mao-no-bolso-e-concorra-a-um-eee-pc/
https://eltonminetto.net/blog/2008/06/25/excelente-apresentacao-sobre-pdo/,https://eltonminetto.net/2008/06/25/excelente-apresentacao-sobre-pdo/
https://eltonminetto.net/blog/2008/06/26/falta-de-visao-das-universidades/,https://eltonminetto.net/2008/06/26/falta-de-visao-das-universidades/
https://eltonminetto.net/blog/2008/06/30/php-e-o-flick/,https://eltonminetto.net/2008/06/30/php-e-o-flick/
https://eltonminetto.net/blog/2008/06/30/ultimas-vagas-para-curso-de-python-em-chapeco/,https://eltonminetto.net/2008/06/30/ultimas-vagas-para-curso-de-python-em-chapeco/
https://eltonminetto.net/blog/2008/07/04/eu-quero-trabalhar-nessa-empresa/,https://eltonminetto.net/2008/07/04/eu-quero-trabalhar-nessa-empresa/
https://eltonminetto.net/blog/2008/07/11/aumenta-demanda-por-profissionais-python-na-inglaterra/,https://eltonminetto.net/2008/07/11/aumenta-demanda-por-profissionais-python-na-inglaterra/
https://eltonminetto.net/blog/2008/07/25/geeks-sa/,https://eltonminetto.net/2008/07/25/geeks-sa/
https://eltonminetto.net/blog/2008/07/27/softwares-para-mac/,https://eltonminetto.net/2008/07/27/softwares-para-mac/
https://eltonminetto.net/blog/2008/08/02/de-mudanca/,https://eltonminetto.net/2008/08/02/de-mudanca/
https://eltonminetto.net/blog/2008/08/09/primeiro-compromisso-em-joinville/,https://eltonminetto.net/2008/08/09/primeiro-compromisso-em-joinville/
https://eltonminetto.net/blog/2008/08/24/primeira-semana-em-joinville/,https://eltonminetto.net/2008/08/24/primeira-semana-em-joinville/
https://eltonminetto.net/blog/2008/08/30/promocao-de-aniversario-do-site/,https://eltonminetto.net/2008/08/30/promocao-de-aniversario-do-site/
https://eltonminetto.net/blog/2008/09/09/sorteados-com-os-livros/,https://eltonminetto.net/2008/09/09/sorteados-com-os-livros/
https://eltonminetto.net/blog/2008/09/20/novo-texto-no-site-infotecnews/,https://eltonminetto.net/2008/09/20/novo-texto-no-site-infotecnews/
https://eltonminetto.net/blog/2008/10/02/como-tornar-se-um-php-ninja/,https://eltonminetto.net/2008/10/02/como-tornar-se-um-php-ninja/
https://eltonminetto.net/blog/2008/10/09/palestra-no-conaphp/,https://eltonminetto.net/2008/10/09/palestra-no-conaphp/
https://eltonminetto.net/blog/2008/10/17/novo-blog-e-promocao/,https://eltonminetto.net/2008/10/17/novo-blog-e-promocao/
https://eltonminetto.net/blog/2008/10/20/apresentacao-no-conaphp/,https://eltonminetto.net/2008/10/20/apresentacao-no-conaphp/
https://eltonminetto.net/blog/2008/10/21/vagas-de-emprego-em-joinville/,https://eltonminetto.net/2008/10/21/vagas-de-emprego-em-joinville/
https://eltonminetto.net/blog/2008/11/25/deploy-automatico-do-svn-para-o-htdocs/,https://eltonminetto.net/2008/11/25/deploy-automatico-do-svn-para-o-htdocs/
https://eltonminetto.net/blog/2008/11/25/lock-em-arquivos-usando-svn-e-subclipse/,https://eltonminetto.net/2008/11/25/lock-em-arquivos-usando-svn-e-subclipse/
https://eltonminetto.net/blog/2008/12/04/novo-blog/,https://eltonminetto.net/2008/12/04/novo-blog/
https://eltonminetto.net/blog/2008/12/08/curso-de-pos-graduacao-desenvolvimento-de-sistemas-web/,https://eltonminetto.net/2008/12/08/curso-de-pos-graduacao-desenvolvimento-de-sistemas-web/
https://eltonminetto.net/blog/2008/12/23/excelentes-oportunidades-para-desenvolvedores-php/,https://eltonminetto.net/2008/12/23/excelentes-oportunidades-para-desenvolvedores-php/
https://eltonminetto.net/blog/2009/01/28/de-volta-as-aulas/,https://eltonminetto.net/2009/01/28/de-volta-as-aulas/
https://eltonminetto.net/blog/2009/02/13/procura-se-beta-testers/,https://eltonminetto.net/2009/02/13/procura-se-beta-testers/
https://eltonminetto.net/blog/2009/03/18/promocao-voce-na-drimio/,https://eltonminetto.net/2009/03/18/promocao-voce-na-drimio/
https://eltonminetto.net/blog/2009/03/25/quer-trabalhar-na-drimio/,https://eltonminetto.net/2009/03/25/quer-trabalhar-na-drimio/
https://eltonminetto.net/blog/2009/04/08/reportagem-sobre-cakephp/,https://eltonminetto.net/2009/04/08/reportagem-sobre-cakephp/
https://eltonminetto.net/blog/2009/04/13/novo-layout/,https://eltonminetto.net/2009/04/13/novo-layout/
https://eltonminetto.net/blog/2009/04/17/chamada-de-trabalhos-phpsc-conf-202009-univali-itajai/,https://eltonminetto.net/2009/04/17/chamada-de-trabalhos-phpsc-conf-202009-univali-itajai/
https://eltonminetto.net/blog/2009/04/22/palestra-em-xanxere-2/,https://eltonminetto.net/2009/04/22/palestra-em-xanxere-2/
https://eltonminetto.net/blog/2009/04/27/materiais-das-palestras-em-xanxere/,https://eltonminetto.net/2009/04/27/materiais-das-palestras-em-xanxere/
https://eltonminetto.net/blog/2009/05/02/orgulho-do-seu-nelson/,https://eltonminetto.net/2009/05/02/orgulho-do-seu-nelson/
https://eltonminetto.net/blog/2009/05/12/e-melhor-estudar-sozinho-ou-cursar-uma-graduacao-de-ti/,https://eltonminetto.net/2009/05/12/e-melhor-estudar-sozinho-ou-cursar-uma-graduacao-de-ti/
https://eltonminetto.net/blog/2009/06/10/material-da-palestra-no-phpsc-conf-2009/,https://eltonminetto.net/2009/06/10/material-da-palestra-no-phpsc-conf-2009/
https://eltonminetto.net/blog/2009/06/19/fisl-10-0/,https://eltonminetto.net/2009/06/19/fisl-10-0/
https://eltonminetto.net/blog/2009/06/27/material-da-palestra-no-fisl-10/,https://eltonminetto.net/2009/06/27/material-da-palestra-no-fisl-10/
https://eltonminetto.net/blog/2009/09/10/mais-palestras/,https://eltonminetto.net/2009/09/10/mais-palestras/
https://eltonminetto.net/blog/2009/09/23/material-da-palestra-na-udesc/,https://eltonminetto.net/2009/09/23/material-da-palestra-na-udesc/
https://eltonminetto.net/blog/2009/10/21/palestra-no-itconf/,https://eltonminetto.net/2009/10/21/palestra-no-itconf/
https://eltonminetto.net/blog/2009/10/21/palestra-no-senai/,https://eltonminetto.net/2009/10/21/palestra-no-senai/
https://eltonminetto.net/blog/2009/11/05/script-para-tunning-de-performance-do-mysql/,https://eltonminetto.net/2009/11/05/script-para-tunning-de-performance-do-mysql/
https://eltonminetto.net/blog/2009/11/16/apresentacao-sobre-frameworks-em-php/,https://eltonminetto.net/2009/11/16/apresentacao-sobre-frameworks-em-php/
https://eltonminetto.net/blog/2009/11/29/php-conference-brasil-2009/,https://eltonminetto.net/2009/11/29/php-conference-brasil-2009/
https://eltonminetto.net/blog/2010/01/28/enviando-dms-do-twitter-via-shell-script/,https://eltonminetto.net/2010/01/28/enviando-dms-do-twitter-via-shell-script/
https://eltonminetto.net/blog/2010/03/10/contabilizar-espaco-usado-em-ftp-usando-python/,https://eltonminetto.net/2010/03/10/contabilizar-espaco-usado-em-ftp-usando-python/
https://eltonminetto.net/blog/2010/03/29/vi-escola-regional-de-banco-de-dados/,https://eltonminetto.net/2010/03/29/vi-escola-regional-de-banco-de-dados/
https://eltonminetto.net/blog/2010/04/19/apresentacao-sobre-mysql-no-erbd/,https://eltonminetto.net/2010/04/19/apresentacao-sobre-mysql-no-erbd/
https://eltonminetto.net/blog/2010/06/21/google-command-line-tools/,https://eltonminetto.net/2010/06/21/google-command-line-tools/
https://eltonminetto.net/blog/2010/06/21/phpsc-conf-2010/,https://eltonminetto.net/2010/06/21/phpsc-conf-2010/
https://eltonminetto.net/blog/2010/07/19/fisl-2010/,https://eltonminetto.net/2010/07/19/fisl-2010/
https://eltonminetto.net/blog/2010/07/26/material-de-minha-palestra-sobre-gearman/,https://eltonminetto.net/2010/07/26/material-de-minha-palestra-sobre-gearman/
https://eltonminetto.net/blog/2010/09/06/monografia-sobre-couchdb/,https://eltonminetto.net/2010/09/06/monografia-sobre-couchdb/
https://eltonminetto.net/blog/2010/09/16/palestras-na-unipar/,https://eltonminetto.net/2010/09/16/palestras-na-unipar/
https://eltonminetto.net/blog/2010/09/20/palestra-no-solisc/,https://eltonminetto.net/2010/09/20/palestra-no-solisc/
https://eltonminetto.net/blog/2010/10/02/slides-das-minhas-palestras-na-unipar/,https://eltonminetto.net/2010/10/02/slides-das-minhas-palestras-na-unipar/
https://eltonminetto.net/blog/2010/10/07/palestra-em-chapeco/,https://eltonminetto.net/2010/10/07/palestra-em-chapeco/
https://eltonminetto.net/blog/2010/10/07/wallpapers-do-estudio-alice/,https://eltonminetto.net/2010/10/07/wallpapers-do-estudio-alice/
https://eltonminetto.net/blog/2010/10/08/premio-meritus-unochapeco/,https://eltonminetto.net/2010/10/08/premio-meritus-unochapeco/
https://eltonminetto.net/blog/2010/10/14/como-ser-um-bom-profissional-de-ti/,https://eltonminetto.net/2010/10/14/como-ser-um-bom-profissional-de-ti/
https://eltonminetto.net/blog/2010/10/15/phpconference-2010/,https://eltonminetto.net/2010/10/15/phpconference-2010/
https://eltonminetto.net/blog/2010/10/24/apresentacao-no-solisc-2010/,https://eltonminetto.net/2010/10/24/apresentacao-no-solisc-2010/
https://eltonminetto.net/blog/2010/10/25/post-no-linha-de-codigo/,https://eltonminetto.net/2010/10/25/post-no-linha-de-codigo/
https://eltonminetto.net/blog/2010/11/01/about-me/,https://eltonminetto.net/2010/11/01/about-me/
https://eltonminetto.net/blog/2010/11/01/latinoware-2010/,https://eltonminetto.net/2010/11/01/latinoware-2010/
https://eltonminetto.net/blog/2010/11/16/premio-meritus-unochapeco-eu-ganhei/,https://eltonminetto.net/2010/11/16/premio-meritus-unochapeco-eu-ganhei/
https://eltonminetto.net/blog/2010/11/17/latinoware-2010-eu-fui/,https://eltonminetto.net/2010/11/17/latinoware-2010-eu-fui/
https://eltonminetto.net/blog/2010/12/01/php-conference-brasil-2010/,https://eltonminetto.net/2010/12/01/php-conference-brasil-2010/
https://eltonminetto.net/blog/2010/12/16/meu-ambiente/,https://eltonminetto.net/2010/12/16/meu-ambiente/
https://eltonminetto.net/blog/2010/12/20/novos-rumos-2-0/,https://eltonminetto.net/2010/12/20/novos-rumos-2-0/
https://eltonminetto.net/blog/2011/01/06/novo-layout-e-nova-hospedagem/,https://eltonminetto.net/2011/01/06/novo-layout-e-nova-hospedagem/
https://eltonminetto.net/blog/2011/01/27/processando-arquivos-de-profiling-do-xdebug-no-macosx/,https://eltonminetto.net/2011/01/27/processando-arquivos-de-profiling-do-xdebug-no-macosx/
https://eltonminetto.net/blog/2011/02/03/nob-em-joinville/,https://eltonminetto.net/2011/02/03/nob-em-joinville/
https://eltonminetto.net/blog/2011/02/26/screencast-sobre-siege/,https://eltonminetto.net/2011/02/26/screencast-sobre-siege/
https://eltonminetto.net/blog/2011/03/03/screencast-avaliacao-de-performance-no-mysql/,https://eltonminetto.net/2011/03/03/screencast-avaliacao-de-performance-no-mysql/
https://eltonminetto.net/blog/2011/03/07/php-fog/,https://eltonminetto.net/2011/03/07/php-fog/
https://eltonminetto.net/blog/2011/03/11/screencast-sobre-mysql-partitions/,https://eltonminetto.net/2011/03/11/screencast-sobre-mysql-partitions/
https://eltonminetto.net/blog/2011/03/24/screencast-sobre-dbslayer/,https://eltonminetto.net/2011/03/24/screencast-sobre-dbslayer/
https://eltonminetto.net/blog/2011/03/28/coderockr-no-vivoblog/,https://eltonminetto.net/2011/03/28/coderockr-no-vivoblog/
https://eltonminetto.net/blog/2011/04/07/curso-iphone/,https://eltonminetto.net/2011/04/07/curso-iphone/
https://eltonminetto.net/blog/2011/04/14/como-melhorar-sua-carreira/,https://eltonminetto.net/2011/04/14/como-melhorar-sua-carreira/
https://eltonminetto.net/blog/2011/05/06/screencast-sobre-amazon-web-services/,https://eltonminetto.net/2011/05/06/screencast-sobre-amazon-web-services/
https://eltonminetto.net/blog/2011/05/06/template-de-projeto-zend-framework/,https://eltonminetto.net/2011/05/06/template-de-projeto-zend-framework/
https://eltonminetto.net/blog/2011/05/18/e-book-zend-framework-na-pratica/,https://eltonminetto.net/2011/05/18/e-book-zend-framework-na-pratica/
https://eltonminetto.net/blog/2011/05/19/novo-site-da-coderockr/,https://eltonminetto.net/2011/05/19/novo-site-da-coderockr/
https://eltonminetto.net/blog/2011/05/26/e-book-disponivel/,https://eltonminetto.net/2011/05/26/e-book-disponivel/
https://eltonminetto.net/blog/2011/05/30/review-e-promocao-do-e-book/,https://eltonminetto.net/2011/05/30/review-e-promocao-do-e-book/
https://eltonminetto.net/blog/2011/06/02/sobre-e-books-e-ideias-que-mudam/,https://eltonminetto.net/2011/06/02/sobre-e-books-e-ideias-que-mudam/
https://eltonminetto.net/blog/2011/06/14/usando-o-zend-framework-via-cli/,https://eltonminetto.net/2011/06/14/usando-o-zend-framework-via-cli/
https://eltonminetto.net/blog/2011/06/16/webcast-sobre-mysql/,https://eltonminetto.net/2011/06/16/webcast-sobre-mysql/
https://eltonminetto.net/blog/2011/06/20/palestra-em-bento-golcalves/,https://eltonminetto.net/2011/06/20/palestra-em-bento-golcalves/
https://eltonminetto.net/blog/2011/06/22/blog-sobre-musica/,https://eltonminetto.net/2011/06/22/blog-sobre-musica/
https://eltonminetto.net/blog/2011/06/24/scaffolding-usando-zend-framework/,https://eltonminetto.net/2011/06/24/scaffolding-usando-zend-framework/
https://eltonminetto.net/blog/2011/06/24/tdc-sao-paulo-2011/,https://eltonminetto.net/2011/06/24/tdc-sao-paulo-2011/
https://eltonminetto.net/blog/2011/07/11/minicurso-de-zend-framework-no-parana/,https://eltonminetto.net/2011/07/11/minicurso-de-zend-framework-no-parana/
https://eltonminetto.net/blog/2011/07/11/slides-da-palestra-do-tdc/,https://eltonminetto.net/2011/07/11/slides-da-palestra-do-tdc/
https://eltonminetto.net/blog/2011/07/15/screencast-sobre-sphinx/,https://eltonminetto.net/2011/07/15/screencast-sobre-sphinx/
https://eltonminetto.net/blog/2011/07/19/news-feed-usando-nodejs-pubsub-io-e-jquery/,https://eltonminetto.net/2011/07/19/news-feed-usando-nodejs-pubsub-io-e-jquery/
https://eltonminetto.net/blog/2011/07/19/webcast-sobre-frameworks/,https://eltonminetto.net/2011/07/19/webcast-sobre-frameworks/
https://eltonminetto.net/blog/2011/07/20/sorteio-de-descontos-para-o-webcast-sobre-frameworks/,https://eltonminetto.net/2011/07/20/sorteio-de-descontos-para-o-webcast-sobre-frameworks/
https://eltonminetto.net/blog/2011/07/28/dropbox-como-substituto-do-idisk/,https://eltonminetto.net/2011/07/28/dropbox-como-substituto-do-idisk/
https://eltonminetto.net/blog/2011/08/02/vaga-para-programador-php-na-coderockr/,https://eltonminetto.net/2011/08/02/vaga-para-programador-php-na-coderockr/
https://eltonminetto.net/blog/2011/08/15/material-da-palestra-em-bento-goncalves/,https://eltonminetto.net/2011/08/15/material-da-palestra-em-bento-goncalves/
https://eltonminetto.net/blog/2011/08/22/video-da-apresentacao-tchelinux-otimizando-aplicacoes-zend-framework/,https://eltonminetto.net/2011/08/22/video-da-apresentacao-tchelinux-otimizando-aplicacoes-zend-framework/
https://eltonminetto.net/blog/2011/09/17/forum-maranhense-de-profissionais-php/,https://eltonminetto.net/2011/09/17/forum-maranhense-de-profissionais-php/
https://eltonminetto.net/blog/2011/09/30/tutorial-mao-na-massa-php-conference-2011/,https://eltonminetto.net/2011/09/30/tutorial-mao-na-massa-php-conference-2011/
https://eltonminetto.net/blog/2011/10/18/apresentacao-forum-maranhense-de-profissionais-php/,https://eltonminetto.net/2011/10/18/apresentacao-forum-maranhense-de-profissionais-php/
https://eltonminetto.net/blog/2011/10/24/usando-o-growlnotify-para-gerar-notificacoes-no-mac-osx/,https://eltonminetto.net/2011/10/24/usando-o-growlnotify-para-gerar-notificacoes-no-mac-osx/
https://eltonminetto.net/blog/2011/10/25/phpsc-conf-2011/,https://eltonminetto.net/2011/10/25/phpsc-conf-2011/
https://eltonminetto.net/blog/2011/10/27/usando-o-libnotify-bin-para-gerar-notificacoes-no-ubuntu/,https://eltonminetto.net/2011/10/27/usando-o-libnotify-bin-para-gerar-notificacoes-no-ubuntu/
https://eltonminetto.net/blog/2011/10/31/premio-meritus-unochapeco-2011/,https://eltonminetto.net/2011/10/31/premio-meritus-unochapeco-2011/
https://eltonminetto.net/blog/2011/11/01/artigo-na-php-review/,https://eltonminetto.net/2011/11/01/artigo-na-php-review/
https://eltonminetto.net/blog/2011/11/16/palestra-no-php-conference-2011/,https://eltonminetto.net/2011/11/16/palestra-no-php-conference-2011/
https://eltonminetto.net/blog/2011/11/21/slides-da-minha-apresentacao-no-phpscconf-2011/,https://eltonminetto.net/2011/11/21/slides-da-minha-apresentacao-no-phpscconf-2011/
https://eltonminetto.net/blog/2011/11/24/pos-graduacao-em-umuarama/,https://eltonminetto.net/2011/11/24/pos-graduacao-em-umuarama/
https://eltonminetto.net/blog/2011/11/29/slim-framework/,https://eltonminetto.net/2011/11/29/slim-framework/
https://eltonminetto.net/blog/2011/12/07/10-dicas-profissionais-do-mundo-php/,https://eltonminetto.net/2011/12/07/10-dicas-profissionais-do-mundo-php/
https://eltonminetto.net/blog/2011/12/07/phpconference-2011/,https://eltonminetto.net/2011/12/07/phpconference-2011/
https://eltonminetto.net/blog/2011/12/09/backup-dos-e-mails-do-gmail/,https://eltonminetto.net/2011/12/09/backup-dos-e-mails-do-gmail/
https://eltonminetto.net/blog/2011/12/09/novidades-sobre-o-zend-framework-na-pratica/,https://eltonminetto.net/2011/12/09/novidades-sobre-o-zend-framework-na-pratica/
https://eltonminetto.net/blog/2011/12/14/minha-alternativa-ao-delicious/,https://eltonminetto.net/2011/12/14/minha-alternativa-ao-delicious/
https://eltonminetto.net/blog/2011/12/23/chamando-o-sublime-text-via-terminal/,https://eltonminetto.net/2011/12/23/chamando-o-sublime-text-via-terminal/
https://eltonminetto.net/blog/2011/12/23/sublime-text/,https://eltonminetto.net/2011/12/23/sublime-text/
https://eltonminetto.net/blog/2012/01/03/curso-sobre-php-memcache-sphinx-e-gearman/,https://eltonminetto.net/2012/01/03/curso-sobre-php-memcache-sphinx-e-gearman/
https://eltonminetto.net/blog/2012/01/05/meus-dois-centavos-sobre-o-microphp-manifesto/,https://eltonminetto.net/2012/01/05/meus-dois-centavos-sobre-o-microphp-manifesto/
https://eltonminetto.net/blog/2012/01/05/nova-versao-do-meu-e-book-sobre-zend-framework/,https://eltonminetto.net/2012/01/05/nova-versao-do-meu-e-book-sobre-zend-framework/
https://eltonminetto.net/blog/2012/01/09/curso-de-zend-framework-em-joinville/,https://eltonminetto.net/2012/01/09/curso-de-zend-framework-em-joinville/
https://eltonminetto.net/blog/2012/01/12/curso-de-desenvolvimento-ios/,https://eltonminetto.net/2012/01/12/curso-de-desenvolvimento-ios/
https://eltonminetto.net/blog/2012/01/19/novo-aplicativo-da-coderockr/,https://eltonminetto.net/2012/01/19/novo-aplicativo-da-coderockr/
https://eltonminetto.net/blog/2012/01/19/usando-componentes-do-zend-framework/,https://eltonminetto.net/2012/01/19/usando-componentes-do-zend-framework/
https://eltonminetto.net/blog/2012/02/29/novos-webcasts-da-coderockr/,https://eltonminetto.net/2012/02/29/novos-webcasts-da-coderockr/
https://eltonminetto.net/blog/2012/03/13/soa-e-silex/,https://eltonminetto.net/2012/03/13/soa-e-silex/
https://eltonminetto.net/blog/2012/03/20/snippet-do-sublime-text-2-para-gerar-getters-e-setters-em-php/,https://eltonminetto.net/2012/03/20/snippet-do-sublime-text-2-para-gerar-getters-e-setters-em-php/
https://eltonminetto.net/blog/2012/04/02/usando-o-vagrant-para-criar-maquinas-virtuais-para-desenvolvimento-e-testes/,https://eltonminetto.net/2012/04/02/usando-o-vagrant-para-criar-maquinas-virtuais-para-desenvolvimento-e-testes/
https://eltonminetto.net/blog/2012/04/18/desafio-de-programacao/,https://eltonminetto.net/2012/04/18/desafio-de-programacao/
https://eltonminetto.net/blog/2012/04/19/uml-usando-astah/,https://eltonminetto.net/2012/04/19/uml-usando-astah/
https://eltonminetto.net/blog/2012/04/23/meteor/,https://eltonminetto.net/2012/04/23/meteor/
https://eltonminetto.net/blog/2012/04/25/git-sparse-checkouts/,https://eltonminetto.net/2012/04/25/git-sparse-checkouts/
https://eltonminetto.net/blog/2012/04/27/maldito-segmentation-fault/,https://eltonminetto.net/2012/04/27/maldito-segmentation-fault/
https://eltonminetto.net/blog/2012/05/03/crie-sua-marca-pessoal/,https://eltonminetto.net/2012/05/03/crie-sua-marca-pessoal/
https://eltonminetto.net/blog/2012/05/03/post-no-javascript-brasil/,https://eltonminetto.net/2012/05/03/post-no-javascript-brasil/
https://eltonminetto.net/blog/2012/05/07/palestra-sobre-seguranca-e-crimes-digitais/,https://eltonminetto.net/2012/05/07/palestra-sobre-seguranca-e-crimes-digitais/
https://eltonminetto.net/blog/2012/05/14/usando-jekyll-e-github-pages/,https://eltonminetto.net/2012/05/14/usando-jekyll-e-github-pages/
https://eltonminetto.net/blog/2012/06/06/vaga-para-programador-android/,https://eltonminetto.net/2012/06/06/vaga-para-programador-android/
https://eltonminetto.net/blog/2012/06/08/xip-io/,https://eltonminetto.net/2012/06/08/xip-io/
https://eltonminetto.net/blog/2012/06/20/palestra-no-tdc-sao-paulo/,https://eltonminetto.net/2012/06/20/palestra-no-tdc-sao-paulo/
https://eltonminetto.net/blog/2012/06/21/as-leis-vikings/,https://eltonminetto.net/2012/06/21/as-leis-vikings/
https://eltonminetto.net/blog/2012/06/25/curso-zend-framework-na-pratica/,https://eltonminetto.net/2012/06/25/curso-zend-framework-na-pratica/
https://eltonminetto.net/blog/2012/06/27/gerenciando-projetos-com-o-trello/,https://eltonminetto.net/2012/06/27/gerenciando-projetos-com-o-trello/
https://eltonminetto.net/blog/2012/06/28/pos-graduacao-em-desenvolvimento-de-aplicativos-para-dispositivos-moveis/,https://eltonminetto.net/2012/06/28/pos-graduacao-em-desenvolvimento-de-aplicativos-para-dispositivos-moveis/
https://eltonminetto.net/blog/2012/07/03/mvc-esta-morto/,https://eltonminetto.net/2012/07/03/mvc-esta-morto/
https://eltonminetto.net/blog/2012/07/09/palestra-em-campo-grande-ms/,https://eltonminetto.net/2012/07/09/palestra-em-campo-grande-ms/
https://eltonminetto.net/blog/2012/07/19/gerando-dados-para-testes-de-aplicativos/,https://eltonminetto.net/2012/07/19/gerando-dados-para-testes-de-aplicativos/
https://eltonminetto.net/blog/2012/07/31/software-developers-journal/,https://eltonminetto.net/2012/07/31/software-developers-journal/
https://eltonminetto.net/blog/2012/08/14/tdc-florianopolis/,https://eltonminetto.net/2012/08/14/tdc-florianopolis/
https://eltonminetto.net/blog/2012/08/22/primeira-aula-do-curso-zend-framework-na-pratica-gratis/,https://eltonminetto.net/2012/08/22/primeira-aula-do-curso-zend-framework-na-pratica-gratis/
https://eltonminetto.net/blog/2012/08/23/phpsc-conf-2012/,https://eltonminetto.net/2012/08/23/phpsc-conf-2012/
https://eltonminetto.net/blog/2012/08/31/como-voce-organiza-seu-dia/,https://eltonminetto.net/2012/08/31/como-voce-organiza-seu-dia/
https://eltonminetto.net/blog/2012/09/04/silex-composer-e-a-empolgacao-renovada-pelo-php/,https://eltonminetto.net/2012/09/04/silex-composer-e-a-empolgacao-renovada-pelo-php/
https://eltonminetto.net/blog/2012/09/10/apps-that-rock-lift/,https://eltonminetto.net/2012/09/10/apps-that-rock-lift/
https://eltonminetto.net/blog/2012/09/12/palestra-na-unochapeco/,https://eltonminetto.net/2012/09/12/palestra-na-unochapeco/
https://eltonminetto.net/blog/2012/09/28/prepare-se-para-o-alistamento-do-code-squad/,https://eltonminetto.net/2012/09/28/prepare-se-para-o-alistamento-do-code-squad/
https://eltonminetto.net/blog/2012/10/02/phpsc-conf-2012-2/,https://eltonminetto.net/2012/10/02/phpsc-conf-2012-2/
https://eltonminetto.net/blog/2012/10/03/palestra-na-univille/,https://eltonminetto.net/2012/10/03/palestra-na-univille/
https://eltonminetto.net/blog/2012/10/11/compartilhando-arquivos-via-web-usando-o-terminal/,https://eltonminetto.net/2012/10/11/compartilhando-arquivos-via-web-usando-o-terminal/
https://eltonminetto.net/blog/2012/10/11/palestra-sobre-inovacao-e-tecnologia/,https://eltonminetto.net/2012/10/11/palestra-sobre-inovacao-e-tecnologia/
https://eltonminetto.net/blog/2012/10/11/php-like-a-super-hero-versao-extendida/,https://eltonminetto.net/2012/10/11/php-like-a-super-hero-versao-extendida/
https://eltonminetto.net/blog/2012/10/17/lancamento-do-code-squad/,https://eltonminetto.net/2012/10/17/lancamento-do-code-squad/
https://eltonminetto.net/blog/2012/10/24/screencast-sobre-o-composer/,https://eltonminetto.net/2012/10/24/screencast-sobre-o-composer/
https://eltonminetto.net/blog/2012/10/25/slides-e-screencast-sobre-o-zend-framework-2/,https://eltonminetto.net/2012/10/25/slides-e-screencast-sobre-o-zend-framework-2/
https://eltonminetto.net/blog/2012/11/01/slides-e-screencast-sobre-o-silex/,https://eltonminetto.net/2012/11/01/slides-e-screencast-sobre-o-silex/
https://eltonminetto.net/blog/2012/11/09/novidades-sobre-o-zend-framework-2-na-pratica/,https://eltonminetto.net/2012/11/09/novidades-sobre-o-zend-framework-2-na-pratica/
https://eltonminetto.net/blog/2012/11/14/lancamento-zf2-napratica/,https://eltonminetto.net/2012/11/14/lancamento-zf2-napratica/
https://eltonminetto.net/blog/2012/11/16/vaga-para-designer-na-coderockr/,https://eltonminetto.net/2012/11/16/vaga-para-designer-na-coderockr/
https://eltonminetto.net/blog/2012/11/29/escrevendo-um-livro-do-modo-nerd/,https://eltonminetto.net/2012/11/29/escrevendo-um-livro-do-modo-nerd/
https://eltonminetto.net/blog/2012/11/29/oi-rdio/,https://eltonminetto.net/2012/11/29/oi-rdio/
https://eltonminetto.net/blog/2012/12/05/entrevista-no-jornal-a-sua-voz/,https://eltonminetto.net/2012/12/05/entrevista-no-jornal-a-sua-voz/
https://eltonminetto.net/blog/2012/12/18/plugin-para-o-mysql-workbench-gerar-sqlite/,https://eltonminetto.net/2012/12/18/plugin-para-o-mysql-workbench-gerar-sqlite/
https://eltonminetto.net/blog/2012/12/21/gerenciando-assets-por-modulos-no-zend-framework-2/,https://eltonminetto.net/2012/12/21/gerenciando-assets-por-modulos-no-zend-framework-2/
https://eltonminetto.net/blog/2013/01/04/migrando-wordpress-para-octopress/,https://eltonminetto.net/2013/01/04/migrando-wordpress-para-octopress/
https://eltonminetto.net/blog/2013/01/04/vagas-na-coderockr/,https://eltonminetto.net/2013/01/04/vagas-na-coderockr/
https://eltonminetto.net/blog/2013/01/07/desenvolvedores-e-portfolios/,https://eltonminetto.net/2013/01/07/desenvolvedores-e-portfolios/
https://eltonminetto.net/blog/2013/01/10/lancado-curso-de-zend-framework-2/,https://eltonminetto.net/2013/01/10/lancado-curso-de-zend-framework-2/
https://eltonminetto.net/blog/2013/01/14/apps-that-rock-moneywiz/,https://eltonminetto.net/2013/01/14/apps-that-rock-moneywiz/
https://eltonminetto.net/blog/2013/01/18/virei-podcaster/,https://eltonminetto.net/2013/01/18/virei-podcaster/
https://eltonminetto.net/blog/2013/01/23/screencast-sobre-o-sublime-text/,https://eltonminetto.net/2013/01/23/screencast-sobre-o-sublime-text/
https://eltonminetto.net/blog/2013/01/29/domando-o-e-mail/,https://eltonminetto.net/2013/01/29/domando-o-e-mail/
https://eltonminetto.net/blog/2013/02/05/promocao-code-squad/,https://eltonminetto.net/2013/02/05/promocao-code-squad/
https://eltonminetto.net/blog/2013/02/08/video-do-hangout-sobre-frameworks-e-a-coderockr/,https://eltonminetto.net/2013/02/08/video-do-hangout-sobre-frameworks-e-a-coderockr/
https://eltonminetto.net/blog/2013/02/14/code-squad-recruta-git-e-github/,https://eltonminetto.net/2013/02/14/code-squad-recruta-git-e-github/
https://eltonminetto.net/blog/2013/02/15/participacao-no-devcast-weekly/,https://eltonminetto.net/2013/02/15/participacao-no-devcast-weekly/
https://eltonminetto.net/blog/2013/03/07/profissional-de-ti-5-estrelas/,https://eltonminetto.net/2013/03/07/profissional-de-ti-5-estrelas/
https://eltonminetto.net/blog/2013/03/11/zend-framework-2-na-pratica-versao-impressa/,https://eltonminetto.net/2013/03/11/zend-framework-2-na-pratica-versao-impressa/
https://eltonminetto.net/blog/2013/03/21/subqueries-no-zend-framework-2/,https://eltonminetto.net/2013/03/21/subqueries-no-zend-framework-2/
https://eltonminetto.net/blog/2013/03/28/usando-a-api-javascript-do-vimeo/,https://eltonminetto.net/2013/03/28/usando-a-api-javascript-do-vimeo/
https://eltonminetto.net/blog/2013/04/01/code-squad-selecionado-para-o-projeto-startup-sc/,https://eltonminetto.net/2013/04/01/code-squad-selecionado-para-o-projeto-startup-sc/
https://eltonminetto.net/blog/2013/04/05/abraphp/,https://eltonminetto.net/2013/04/05/abraphp/
https://eltonminetto.net/blog/2013/04/05/nova-pagina-de-palestras/,https://eltonminetto.net/2013/04/05/nova-pagina-de-palestras/
https://eltonminetto.net/blog/2013/04/11/vida-profissional/,https://eltonminetto.net/2013/04/11/vida-profissional/
https://eltonminetto.net/blog/2013/04/16/code-squad-badges-no-myskills/,https://eltonminetto.net/2013/04/16/code-squad-badges-no-myskills/
https://eltonminetto.net/blog/2013/04/21/6-motivos-para-nao-usar-um-framework-php/,https://eltonminetto.net/2013/04/21/6-motivos-para-nao-usar-um-framework-php/
https://eltonminetto.net/blog/2013/04/23/code-squad-vagrant/,https://eltonminetto.net/2013/04/23/code-squad-vagrant/
https://eltonminetto.net/blog/2013/04/30/code-squad-assinaturas/,https://eltonminetto.net/2013/04/30/code-squad-assinaturas/
https://eltonminetto.net/blog/2013/05/02/code-squad-opauth/,https://eltonminetto.net/2013/05/02/code-squad-opauth/
https://eltonminetto.net/blog/2013/05/07/code-squad-carreiras/,https://eltonminetto.net/2013/05/07/code-squad-carreiras/
https://eltonminetto.net/blog/2013/05/13/palestra-sobre-desenvolvimento-mobile/,https://eltonminetto.net/2013/05/13/palestra-sobre-desenvolvimento-mobile/
https://eltonminetto.net/blog/2013/05/15/code-squad-hangout-carreira-php/,https://eltonminetto.net/2013/05/15/code-squad-hangout-carreira-php/
https://eltonminetto.net/blog/2013/05/17/usando-trello-para-simular-um-web-service/,https://eltonminetto.net/2013/05/17/usando-trello-para-simular-um-web-service/
https://eltonminetto.net/blog/2013/05/21/video-do-hangout-carreira-php/,https://eltonminetto.net/2013/05/21/video-do-hangout-carreira-php/
https://eltonminetto.net/blog/2013/05/29/blog-code-squad/,https://eltonminetto.net/2013/05/29/blog-code-squad/
https://eltonminetto.net/blog/2013/06/05/video-do-hangout-aplicacoes-php-a-prova-de-balas/,https://eltonminetto.net/2013/06/05/video-do-hangout-aplicacoes-php-a-prova-de-balas/
https://eltonminetto.net/blog/2013/06/08/desabafo-de-um-empreendedor/,https://eltonminetto.net/2013/06/08/desabafo-de-um-empreendedor/
https://eltonminetto.net/blog/2013/06/10/webminar-zend/,https://eltonminetto.net/2013/06/10/webminar-zend/
https://eltonminetto.net/blog/2013/06/11/usando-o-trello-na-linha-de-comando/,https://eltonminetto.net/2013/06/11/usando-o-trello-na-linha-de-comando/
https://eltonminetto.net/blog/2013/06/23/cultura-devops/,https://eltonminetto.net/2013/06/23/cultura-devops/
https://eltonminetto.net/blog/2013/07/03/atoum-uma-alternativa-ao-phpunit/,https://eltonminetto.net/2013/07/03/atoum-uma-alternativa-ao-phpunit/
https://eltonminetto.net/blog/2013/07/09/php-esta-voltando/,https://eltonminetto.net/2013/07/09/php-esta-voltando/
https://eltonminetto.net/blog/2013/07/12/nova-edicao-do-startup-sc/,https://eltonminetto.net/2013/07/12/nova-edicao-do-startup-sc/
https://eltonminetto.net/blog/2013/07/26/em-que-voce-acredita/,https://eltonminetto.net/2013/07/26/em-que-voce-acredita/
https://eltonminetto.net/blog/2013/07/31/programador-dave-grohl-e-nao-axl-rose/,https://eltonminetto.net/2013/07/31/programador-dave-grohl-e-nao-axl-rose/
https://eltonminetto.net/blog/2013/08/07/gravacao-do-webminar-da-zend/,https://eltonminetto.net/2013/08/07/gravacao-do-webminar-da-zend/
https://eltonminetto.net/blog/2013/08/14/modulo-do-zend-framework-2-para-criar-apis/,https://eltonminetto.net/2013/08/14/modulo-do-zend-framework-2-para-criar-apis/
https://eltonminetto.net/blog/2013/08/27/um-hacker-news-brasileiro/,https://eltonminetto.net/2013/08/27/um-hacker-news-brasileiro/
https://eltonminetto.net/blog/2013/08/29/chat-corporativo/,https://eltonminetto.net/2013/08/29/chat-corporativo/
https://eltonminetto.net/blog/2013/09/01/carreira/,https://eltonminetto.net/2013/09/01/carreira/
https://eltonminetto.net/blog/2013/09/03/media-center-com-o-raspberry-pi/,https://eltonminetto.net/2013/09/03/media-center-com-o-raspberry-pi/
https://eltonminetto.net/blog/2013/09/06/trabalhando-com-robos/,https://eltonminetto.net/2013/09/06/trabalhando-com-robos/
https://eltonminetto.net/blog/2013/09/09/exportando-um-repositorio-git/,https://eltonminetto.net/2013/09/09/exportando-um-repositorio-git/
https://eltonminetto.net/blog/2013/09/16/pergunte-ao-code-squad/,https://eltonminetto.net/2013/09/16/pergunte-ao-code-squad/
https://eltonminetto.net/blog/2013/09/18/voce-esta-se-enganando/,https://eltonminetto.net/2013/09/18/voce-esta-se-enganando/
https://eltonminetto.net/blog/2013/09/26/postach-dot-io/,https://eltonminetto.net/2013/09/26/postach-dot-io/
https://eltonminetto.net/blog/2013/09/27/keynote-speaker-na-phpconference-brasil/,https://eltonminetto.net/2013/09/27/keynote-speaker-na-phpconference-brasil/
https://eltonminetto.net/blog/2013/10/18/lean-publish-do-doctrine-na-pratica/,https://eltonminetto.net/2013/10/18/lean-publish-do-doctrine-na-pratica/
https://eltonminetto.net/blog/2013/11/04/frameworks-php-e-analogias/,https://eltonminetto.net/2013/11/04/frameworks-php-e-analogias/
https://eltonminetto.net/blog/2013/11/11/deploy-estilo-heroku-usando-git/,https://eltonminetto.net/2013/11/11/deploy-estilo-heroku-usando-git/
https://eltonminetto.net/blog/2013/11/14/entrevista-no-loop-infinito/,https://eltonminetto.net/2013/11/14/entrevista-no-loop-infinito/
https://eltonminetto.net/blog/2014/01/02/gerenciando-projetos-com-github-e-zenhub/,https://eltonminetto.net/2014/01/02/gerenciando-projetos-com-github-e-zenhub/
https://eltonminetto.net/blog/2014/01/06/startup-weekend-florianopolis/,https://eltonminetto.net/2014/01/06/startup-weekend-florianopolis/
https://eltonminetto.net/blog/2014/02/09/novo-desafio-ceo/,https://eltonminetto.net/2014/02/09/novo-desafio-ceo/
https://eltonminetto.net/blog/2014/02/10/a-paciencia-ou-a-demencia/,https://eltonminetto.net/2014/02/10/a-paciencia-ou-a-demencia/
https://eltonminetto.net/blog/2014/03/24/entrevista-no-blog-da-master-studio-web/,https://eltonminetto.net/2014/03/24/entrevista-no-blog-da-master-studio-web/
https://eltonminetto.net/blog/2014/03/27/melhores-de-2013-back-end/,https://eltonminetto.net/2014/03/27/melhores-de-2013-back-end/
https://eltonminetto.net/blog/2014/04/25/conheca-o-seu-dia/,https://eltonminetto.net/2014/04/25/conheca-o-seu-dia/
https://eltonminetto.net/blog/2014/05/03/canal-no-youtube-e-novo-screencast/,https://eltonminetto.net/2014/05/03/canal-no-youtube-e-novo-screencast/
https://eltonminetto.net/blog/2014/05/07/curso-de-zf2-em-umuarama-pr/,https://eltonminetto.net/2014/05/07/curso-de-zf2-em-umuarama-pr/
https://eltonminetto.net/blog/2014/05/08/apps-that-rock-fitbit/,https://eltonminetto.net/2014/05/08/apps-that-rock-fitbit/
https://eltonminetto.net/blog/2014/05/13/palestra-no-instituto-federal-catarinense/,https://eltonminetto.net/2014/05/13/palestra-no-instituto-federal-catarinense/
https://eltonminetto.net/blog/2014/06/09/novo-e-book-sobre-zf2/,https://eltonminetto.net/2014/06/09/novo-e-book-sobre-zf2/
https://eltonminetto.net/blog/2014/06/11/qual-framework-php-eu-escolho/,https://eltonminetto.net/2014/06/11/qual-framework-php-eu-escolho/
https://eltonminetto.net/blog/2014/07/08/criando-aplicacoes-soa-usando-silex/,https://eltonminetto.net/2014/07/08/criando-aplicacoes-soa-usando-silex/
https://eltonminetto.net/blog/2014/07/17/capa-de-revista/,https://eltonminetto.net/2014/07/17/capa-de-revista/
https://eltonminetto.net/blog/2014/07/29/a-day-to-remember-a-alice-nasceu/,https://eltonminetto.net/2014/07/29/a-day-to-remember-a-alice-nasceu/
https://eltonminetto.net/blog/2014/08/05/gerenciando-tarefas-com-o-trello-e-a-matriz-de-eisenhower/,https://eltonminetto.net/2014/08/05/gerenciando-tarefas-com-o-trello-e-a-matriz-de-eisenhower/
https://eltonminetto.net/blog/2014/08/15/palestra-em-marilia-slash-sp/,https://eltonminetto.net/2014/08/15/palestra-em-marilia-slash-sp/
https://eltonminetto.net/blog/2014/08/20/novo-projeto-frameworksphp-dot-com-dot-br/,https://eltonminetto.net/2014/08/20/novo-projeto-frameworksphp-dot-com-dot-br/
https://eltonminetto.net/blog/2014/08/25/silex-na-pratica/,https://eltonminetto.net/2014/08/25/silex-na-pratica/
https://eltonminetto.net/blog/2014/08/27/novas-capas-dos-meus-livros/,https://eltonminetto.net/2014/08/27/novas-capas-dos-meus-livros/
https://eltonminetto.net/blog/2014/09/09/falta-de-foco-o-mal-de-uma-geracao/,https://eltonminetto.net/2014/09/09/falta-de-foco-o-mal-de-uma-geracao/
https://eltonminetto.net/blog/2014/09/17/se-as-empresas-fossem-bandas-de-rock/,https://eltonminetto.net/2014/09/17/se-as-empresas-fossem-bandas-de-rock/
https://eltonminetto.net/blog/2014/10/01/curso-de-doctrine-no-php-conference-brasil-2014/,https://eltonminetto.net/2014/10/01/curso-de-doctrine-no-php-conference-brasil-2014/
https://eltonminetto.net/blog/2014/10/03/palestra-no-mobile-brazil-conference-2014/,https://eltonminetto.net/2014/10/03/palestra-no-mobile-brazil-conference-2014/
https://eltonminetto.net/blog/2014/10/11/newsletter-sobre-php/,https://eltonminetto.net/2014/10/11/newsletter-sobre-php/
https://eltonminetto.net/blog/2014/11/26/multitasking-so-e-bom-no-seu-computador/,https://eltonminetto.net/2014/11/26/multitasking-so-e-bom-no-seu-computador/
https://eltonminetto.net/blog/2014/12/23/aplicativos-indispensaveis-em-2014/,https://eltonminetto.net/2014/12/23/aplicativos-indispensaveis-em-2014/
https://eltonminetto.net/blog/2015/01/03/e-que-venha-2015/,https://eltonminetto.net/2015/01/03/e-que-venha-2015/
https://eltonminetto.net/blog/2015/01/05/startup-weekend-florianopolis/,https://eltonminetto.net/2015/01/05/startup-weekend-florianopolis/
https://eltonminetto.net/blog/2015/01/10/zend-framework-evangelist/,https://eltonminetto.net/2015/01/10/zend-framework-evangelist/
https://eltonminetto.net/blog/2015/01/12/usando-o-z-ray-com-o-zend-framework/,https://eltonminetto.net/2015/01/12/usando-o-z-ray-com-o-zend-framework/