http://eltonminetto.net/blog/2003/09/04/19/,http://eltonminetto.net/2003/09/04/19/
http://eltonminetto.net/blog/2003/09/04/contato/,http://eltonminetto.net/2003/09/04/contato/
http://eltonminetto.net/blog/2003/09/04/curriculo/,http://eltonminetto.net/2003/09/04/curriculo/
http://eltonminetto.net/blog/2003/09/04/software-livre/,http://eltonminetto.net/2003/09/04/software-livre/
http://eltonminetto.net/blog/2003/09/04/trabalho/,http://eltonminetto.net/2003/09/04/trabalho/
http://eltonminetto.net/blog/2003/10/10/o-uso-de-software-livre-no-desenvolvimento-de-aplicativos-web/,http://eltonminetto.net/2003/10/10/o-uso-de-software-livre-no-desenvolvimento-de-aplicativos-web/
http://eltonminetto.net/blog/2003/10/10/o-uso-de-templates-em-php/,http://eltonminetto.net/2003/10/10/o-uso-de-templates-em-php/
http://eltonminetto.net/blog/2003/11/18/17/,http://eltonminetto.net/2003/11/18/17/
http://eltonminetto.net/blog/2003/11/18/software-livre-e-linux/,http://eltonminetto.net/2003/11/18/software-livre-e-linux/
http://eltonminetto.net/blog/2003/11/26/16/,http://eltonminetto.net/2003/11/26/16/
http://eltonminetto.net/blog/2003/11/26/conexao-com-oracle-usando-python/,http://eltonminetto.net/2003/11/26/conexao-com-oracle-usando-python/
http://eltonminetto.net/blog/2003/11/26/script-para-desligar-maquinas-linux/,http://eltonminetto.net/2003/11/26/script-para-desligar-maquinas-linux/
http://eltonminetto.net/blog/2004/03/19/algoritmo-de-bully-em-python-e-sockets-unix/,http://eltonminetto.net/2004/03/19/algoritmo-de-bully-em-python-e-sockets-unix/
http://eltonminetto.net/blog/2004/04/01/14/,http://eltonminetto.net/2004/04/01/14/
http://eltonminetto.net/blog/2004/04/12/phpdbform/,http://eltonminetto.net/2004/04/12/phpdbform/
http://eltonminetto.net/blog/2004/05/05/13/,http://eltonminetto.net/2004/05/05/13/
http://eltonminetto.net/blog/2004/05/05/pequeno-exemplo-do-uso-de-soap-para-criar-um-webservice/,http://eltonminetto.net/2004/05/05/pequeno-exemplo-do-uso-de-soap-para-criar-um-webservice/
http://eltonminetto.net/blog/2004/05/10/12/,http://eltonminetto.net/2004/05/10/12/
http://eltonminetto.net/blog/2004/05/10/materiais-do-curso-de-linux/,http://eltonminetto.net/2004/05/10/materiais-do-curso-de-linux/
http://eltonminetto.net/blog/2004/06/14/automatizacao-de-tarefas-do-openoffice-usando-o-python/,http://eltonminetto.net/2004/06/14/automatizacao-de-tarefas-do-openoffice-usando-o-python/
http://eltonminetto.net/blog/2004/06/17/10/,http://eltonminetto.net/2004/06/17/10/
http://eltonminetto.net/blog/2004/07/20/9/,http://eltonminetto.net/2004/07/20/9/
http://eltonminetto.net/blog/2004/08/10/8/,http://eltonminetto.net/2004/08/10/8/
http://eltonminetto.net/blog/2004/08/10/materiais-do-curso-de-redes/,http://eltonminetto.net/2004/08/10/materiais-do-curso-de-redes/
http://eltonminetto.net/blog/2004/08/24/7/,http://eltonminetto.net/2004/08/24/7/
http://eltonminetto.net/blog/2004/08/24/programa-em-forth/,http://eltonminetto.net/2004/08/24/programa-em-forth/
http://eltonminetto.net/blog/2004/08/26/6/,http://eltonminetto.net/2004/08/26/6/
http://eltonminetto.net/blog/2004/09/01/kurumindeveloper/,http://eltonminetto.net/2004/09/01/kurumindeveloper/
http://eltonminetto.net/blog/2004/10/05/indo-pro-texas/,http://eltonminetto.net/2004/10/05/indo-pro-texas/
http://eltonminetto.net/blog/2004/12/06/novo-laout/,http://eltonminetto.net/2004/12/06/novo-laout/
http://eltonminetto.net/blog/2004/12/13/ubuntu-linux/,http://eltonminetto.net/2004/12/13/ubuntu-linux/
http://eltonminetto.net/blog/2004/12/21/mais-sobre-web-services/,http://eltonminetto.net/2004/12/21/mais-sobre-web-services/
http://eltonminetto.net/blog/2004/12/22/convites-do-gmail/,http://eltonminetto.net/2004/12/22/convites-do-gmail/
http://eltonminetto.net/blog/2004/12/22/palavras-do-torvalds/,http://eltonminetto.net/2004/12/22/palavras-do-torvalds/
http://eltonminetto.net/blog/2005/01/04/adeus-ao-mestre/,http://eltonminetto.net/2005/01/04/adeus-ao-mestre/
http://eltonminetto.net/blog/2005/01/07/linha-de-codigo/,http://eltonminetto.net/2005/01/07/linha-de-codigo/
http://eltonminetto.net/blog/2005/01/07/o-paradoxo-python/,http://eltonminetto.net/2005/01/07/o-paradoxo-python/
http://eltonminetto.net/blog/2005/01/26/java-e-gtk/,http://eltonminetto.net/2005/01/26/java-e-gtk/
http://eltonminetto.net/blog/2005/02/02/nerd-score/,http://eltonminetto.net/2005/02/02/nerd-score/
http://eltonminetto.net/blog/2005/02/22/monografia/,http://eltonminetto.net/2005/02/22/monografia/
http://eltonminetto.net/blog/2005/03/11/the-rise-of-php/,http://eltonminetto.net/2005/03/11/the-rise-of-php/
http://eltonminetto.net/blog/2005/03/29/the-rise-of-python/,http://eltonminetto.net/2005/03/29/the-rise-of-python/
http://eltonminetto.net/blog/2005/04/21/grid-computing-in-research-and-education/,http://eltonminetto.net/2005/04/21/grid-computing-in-research-and-education/
http://eltonminetto.net/blog/2005/05/07/leituras-interessantes/,http://eltonminetto.net/2005/05/07/leituras-interessantes/
http://eltonminetto.net/blog/2005/05/09/php5-e-webservices/,http://eltonminetto.net/2005/05/09/php5-e-webservices/
http://eltonminetto.net/blog/2005/05/10/update/,http://eltonminetto.net/2005/05/10/update/
http://eltonminetto.net/blog/2005/05/17/keep-it-simple-stupid/,http://eltonminetto.net/2005/05/17/keep-it-simple-stupid/
http://eltonminetto.net/blog/2005/05/31/why-python/,http://eltonminetto.net/2005/05/31/why-python/
http://eltonminetto.net/blog/2005/06/02/indo-pro-fisl/,http://eltonminetto.net/2005/06/02/indo-pro-fisl/
http://eltonminetto.net/blog/2005/06/06/fisl-60/,http://eltonminetto.net/2005/06/06/fisl-60/
http://eltonminetto.net/blog/2005/06/14/68/,http://eltonminetto.net/2005/06/14/68/
http://eltonminetto.net/blog/2005/06/30/textos-interessantes/,http://eltonminetto.net/2005/06/30/textos-interessantes/
http://eltonminetto.net/blog/2005/07/19/ajax/,http://eltonminetto.net/2005/07/19/ajax/
http://eltonminetto.net/blog/2005/07/19/python-na-microsoft/,http://eltonminetto.net/2005/07/19/python-na-microsoft/
http://eltonminetto.net/blog/2005/07/20/dicas-openldap/,http://eltonminetto.net/2005/07/20/dicas-openldap/
http://eltonminetto.net/blog/2005/07/20/frases-geeks/,http://eltonminetto.net/2005/07/20/frases-geeks/
http://eltonminetto.net/blog/2005/07/22/django/,http://eltonminetto.net/2005/07/22/django/
http://eltonminetto.net/blog/2005/07/25/75/,http://eltonminetto.net/2005/07/25/75/
http://eltonminetto.net/blog/2005/08/03/softwares-de-rss/,http://eltonminetto.net/2005/08/03/softwares-de-rss/
http://eltonminetto.net/blog/2005/08/12/python-for-oracle-geeks/,http://eltonminetto.net/2005/08/12/python-for-oracle-geeks/
http://eltonminetto.net/blog/2005/08/15/grid-computing-products-and-services/,http://eltonminetto.net/2005/08/15/grid-computing-products-and-services/
http://eltonminetto.net/blog/2005/08/16/dia-do-rock/,http://eltonminetto.net/2005/08/16/dia-do-rock/
http://eltonminetto.net/blog/2005/09/03/viagem-dia-do-rock/,http://eltonminetto.net/2005/09/03/viagem-dia-do-rock/
http://eltonminetto.net/blog/2005/09/27/palestra-sobre-grids/,http://eltonminetto.net/2005/09/27/palestra-sobre-grids/
http://eltonminetto.net/blog/2005/10/14/great-companies-arent-born-theyre-grown/,http://eltonminetto.net/2005/10/14/great-companies-arent-born-theyre-grown/
http://eltonminetto.net/blog/2005/10/17/tabelas-dinamicas-em-ajax/,http://eltonminetto.net/2005/10/17/tabelas-dinamicas-em-ajax/
http://eltonminetto.net/blog/2005/10/28/frappr/,http://eltonminetto.net/2005/10/28/frappr/
http://eltonminetto.net/blog/2005/10/28/planetario/,http://eltonminetto.net/2005/10/28/planetario/
http://eltonminetto.net/blog/2005/11/07/cliente-do-wwg-para-linux/,http://eltonminetto.net/2005/11/07/cliente-do-wwg-para-linux/
http://eltonminetto.net/blog/2005/11/08/livro-sobre-open-source/,http://eltonminetto.net/2005/11/08/livro-sobre-open-source/
http://eltonminetto.net/blog/2005/11/11/biblioteca-c-paint/,http://eltonminetto.net/2005/11/11/biblioteca-c-paint/
http://eltonminetto.net/blog/2005/11/12/presentes-de-natal/,http://eltonminetto.net/2005/11/12/presentes-de-natal/
http://eltonminetto.net/blog/2005/11/18/scriptaculous/,http://eltonminetto.net/2005/11/18/scriptaculous/
http://eltonminetto.net/blog/2005/11/18/tango/,http://eltonminetto.net/2005/11/18/tango/
http://eltonminetto.net/blog/2006/01/27/ajax-sem-usar-bibliotecas/,http://eltonminetto.net/2006/01/27/ajax-sem-usar-bibliotecas/
http://eltonminetto.net/blog/2006/02/01/eclipse-php-e-cvs/,http://eltonminetto.net/2006/02/01/eclipse-php-e-cvs/
http://eltonminetto.net/blog/2006/03/03/retornando-multiplos-valores-com-ajax/,http://eltonminetto.net/2006/03/03/retornando-multiplos-valores-com-ajax/
http://eltonminetto.net/blog/2006/03/10/116/,http://eltonminetto.net/2006/03/10/116/
http://eltonminetto.net/blog/2006/03/10/hey-man-look-at-me-rockin-out-im-on-the-video/,http://eltonminetto.net/2006/03/10/hey-man-look-at-me-rockin-out-im-on-the-video/
http://eltonminetto.net/blog/2006/03/13/classe-generica-para-trabalhar-com-tabelas/,http://eltonminetto.net/2006/03/13/classe-generica-para-trabalhar-com-tabelas/
http://eltonminetto.net/blog/2006/03/17/json/,http://eltonminetto.net/2006/03/17/json/
http://eltonminetto.net/blog/2006/03/20/120/,http://eltonminetto.net/2006/03/20/120/
http://eltonminetto.net/blog/2006/03/29/resumo-de-comandos-do-vi/,http://eltonminetto.net/2006/03/29/resumo-de-comandos-do-vi/
http://eltonminetto.net/blog/2006/04/19/125/,http://eltonminetto.net/2006/04/19/125/
http://eltonminetto.net/blog/2006/04/19/development-tree-of-unix-networking-code/,http://eltonminetto.net/2006/04/19/development-tree-of-unix-networking-code/
http://eltonminetto.net/blog/2006/04/19/indo-pro-fisl-2/,http://eltonminetto.net/2006/04/19/indo-pro-fisl-2/
http://eltonminetto.net/blog/2006/04/26/relato-do-fisl-70/,http://eltonminetto.net/2006/04/26/relato-do-fisl-70/
http://eltonminetto.net/blog/2006/04/28/a-chegada-do-boom-do-php/,http://eltonminetto.net/2006/04/28/a-chegada-do-boom-do-php/
http://eltonminetto.net/blog/2006/05/08/feed-zero/,http://eltonminetto.net/2006/05/08/feed-zero/
http://eltonminetto.net/blog/2006/05/11/miniframework-php/,http://eltonminetto.net/2006/05/11/miniframework-php/
http://eltonminetto.net/blog/2006/05/12/conjuntos-em-python/,http://eltonminetto.net/2006/05/12/conjuntos-em-python/
http://eltonminetto.net/blog/2006/05/12/lastfm/,http://eltonminetto.net/2006/05/12/lastfm/
http://eltonminetto.net/blog/2006/05/17/padroes-algoritmicos-em-python/,http://eltonminetto.net/2006/05/17/padroes-algoritmicos-em-python/
http://eltonminetto.net/blog/2006/05/19/artigo-sobre-python-e-oracle/,http://eltonminetto.net/2006/05/19/artigo-sobre-python-e-oracle/
http://eltonminetto.net/blog/2006/05/23/aplicativos-portateis/,http://eltonminetto.net/2006/05/23/aplicativos-portateis/
http://eltonminetto.net/blog/2006/05/30/medindo-tempo-de-execucao-de-scripts-python/,http://eltonminetto.net/2006/05/30/medindo-tempo-de-execucao-de-scripts-python/
http://eltonminetto.net/blog/2006/06/02/miniframework-ajax/,http://eltonminetto.net/2006/06/02/miniframework-ajax/
http://eltonminetto.net/blog/2006/06/08/atk/,http://eltonminetto.net/2006/06/08/atk/
http://eltonminetto.net/blog/2006/06/10/nerd-view/,http://eltonminetto.net/2006/06/10/nerd-view/
http://eltonminetto.net/blog/2006/07/09/novo-menu-da-novell-no-dapper/,http://eltonminetto.net/2006/07/09/novo-menu-da-novell-no-dapper/
http://eltonminetto.net/blog/2006/07/14/formulario-dinamico/,http://eltonminetto.net/2006/07/14/formulario-dinamico/
http://eltonminetto.net/blog/2006/07/20/seguranca/,http://eltonminetto.net/2006/07/20/seguranca/
http://eltonminetto.net/blog/2006/07/21/blogblogs/,http://eltonminetto.net/2006/07/21/blogblogs/
http://eltonminetto.net/blog/2006/07/25/minha-aplicacao-web-20/,http://eltonminetto.net/2006/07/25/minha-aplicacao-web-20/
http://eltonminetto.net/blog/2006/07/28/instalando-o-engage-no-dapper/,http://eltonminetto.net/2006/07/28/instalando-o-engage-no-dapper/
http://eltonminetto.net/blog/2006/08/05/cache-de-dns-para-navegacao-mais-rapida/,http://eltonminetto.net/2006/08/05/cache-de-dns-para-navegacao-mais-rapida/
http://eltonminetto.net/blog/2006/08/05/outdoor-do-ubuntu/,http://eltonminetto.net/2006/08/05/outdoor-do-ubuntu/
http://eltonminetto.net/blog/2006/08/19/gerando-syntax-highlighting-com-enscript/,http://eltonminetto.net/2006/08/19/gerando-syntax-highlighting-com-enscript/
http://eltonminetto.net/blog/2006/08/21/minha-aplicacao-web-20-fontes/,http://eltonminetto.net/2006/08/21/minha-aplicacao-web-20-fontes/
http://eltonminetto.net/blog/2006/08/27/metodo-de-monte-carlo-distribuido/,http://eltonminetto.net/2006/08/27/metodo-de-monte-carlo-distribuido/
http://eltonminetto.net/blog/2006/09/07/o-lugar-perfeito-para-trabalhar/,http://eltonminetto.net/2006/09/07/o-lugar-perfeito-para-trabalhar/
http://eltonminetto.net/blog/2006/09/18/10-linguagens-de-programacao-que-deveria-aprender-agora/,http://eltonminetto.net/2006/09/18/10-linguagens-de-programacao-que-deveria-aprender-agora/
http://eltonminetto.net/blog/2006/09/24/cake-php-e-oracle/,http://eltonminetto.net/2006/09/24/cake-php-e-oracle/
http://eltonminetto.net/blog/2006/09/27/material-curso-python/,http://eltonminetto.net/2006/09/27/material-curso-python/
http://eltonminetto.net/blog/2006/10/11/pvfs/,http://eltonminetto.net/2006/10/11/pvfs/
http://eltonminetto.net/blog/2006/10/16/169/,http://eltonminetto.net/2006/10/16/169/
http://eltonminetto.net/blog/2006/10/27/php-conference-brasil/,http://eltonminetto.net/2006/10/27/php-conference-brasil/
http://eltonminetto.net/blog/2006/10/31/melhores-praticas-de-desenvolvimento-em-php/,http://eltonminetto.net/2006/10/31/melhores-praticas-de-desenvolvimento-em-php/
http://eltonminetto.net/blog/2006/11/06/concurso-de-programacao-em-php/,http://eltonminetto.net/2006/11/06/concurso-de-programacao-em-php/
http://eltonminetto.net/blog/2006/11/16/monte-carlo-distribuido-usando-pyro/,http://eltonminetto.net/2006/11/16/monte-carlo-distribuido-usando-pyro/
http://eltonminetto.net/blog/2006/11/17/174/,http://eltonminetto.net/2006/11/17/174/
http://eltonminetto.net/blog/2006/11/28/gedit-ambiente-de-programacao/,http://eltonminetto.net/2006/11/28/gedit-ambiente-de-programacao/
http://eltonminetto.net/blog/2006/12/04/efeitos-cool-no-ubuntu/,http://eltonminetto.net/2006/12/04/efeitos-cool-no-ubuntu/
http://eltonminetto.net/blog/2006/12/04/relato-do-php-conference/,http://eltonminetto.net/2006/12/04/relato-do-php-conference/
http://eltonminetto.net/blog/2006/12/13/palestra-do-symfony-no-youtube/,http://eltonminetto.net/2006/12/13/palestra-do-symfony-no-youtube/
http://eltonminetto.net/blog/2006/12/22/gnome-open/,http://eltonminetto.net/2006/12/22/gnome-open/
http://eltonminetto.net/blog/2007/01/02/palestra-do-cake-no-youtub/,http://eltonminetto.net/2007/01/02/palestra-do-cake-no-youtub/
http://eltonminetto.net/blog/2007/01/02/slimphp/,http://eltonminetto.net/2007/01/02/slimphp/
http://eltonminetto.net/blog/2007/01/03/comparacao-entre-frameworks/,http://eltonminetto.net/2007/01/03/comparacao-entre-frameworks/
http://eltonminetto.net/blog/2007/01/08/184/,http://eltonminetto.net/2007/01/08/184/
http://eltonminetto.net/blog/2007/01/28/pythonbrasil-de-cara-nova/,http://eltonminetto.net/2007/01/28/pythonbrasil-de-cara-nova/
http://eltonminetto.net/blog/2007/02/01/vaga-para-programador/,http://eltonminetto.net/2007/02/01/vaga-para-programador/
http://eltonminetto.net/blog/2007/02/02/visitando-um-velho-amigo/,http://eltonminetto.net/2007/02/02/visitando-um-velho-amigo/
http://eltonminetto.net/blog/2007/02/06/capturando-telas-com-maior-resolucao-no-linux/,http://eltonminetto.net/2007/02/06/capturando-telas-com-maior-resolucao-no-linux/
http://eltonminetto.net/blog/2007/02/07/disciplina-interessante/,http://eltonminetto.net/2007/02/07/disciplina-interessante/
http://eltonminetto.net/blog/2007/02/08/fisl-8-ai-vou-eu/,http://eltonminetto.net/2007/02/08/fisl-8-ai-vou-eu/
http://eltonminetto.net/blog/2007/02/08/scribes/,http://eltonminetto.net/2007/02/08/scribes/
http://eltonminetto.net/blog/2007/02/09/cool-ubuntu-applications/,http://eltonminetto.net/2007/02/09/cool-ubuntu-applications/
http://eltonminetto.net/blog/2007/03/06/texto-na-php-magazine/,http://eltonminetto.net/2007/03/06/texto-na-php-magazine/
http://eltonminetto.net/blog/2007/03/14/textos-para-refletir/,http://eltonminetto.net/2007/03/14/textos-para-refletir/
http://eltonminetto.net/blog/2007/03/23/nova-etapa/,http://eltonminetto.net/2007/03/23/nova-etapa/
http://eltonminetto.net/blog/2007/03/24/komodo-edit/,http://eltonminetto.net/2007/03/24/komodo-edit/
http://eltonminetto.net/blog/2007/04/11/indo-pro-fisl-80/,http://eltonminetto.net/2007/04/11/indo-pro-fisl-80/
http://eltonminetto.net/blog/2007/04/15/palestra-sobre-cakephp-no-fisl-2007/,http://eltonminetto.net/2007/04/15/palestra-sobre-cakephp-no-fisl-2007/
http://eltonminetto.net/blog/2007/04/17/agora-certificado/,http://eltonminetto.net/2007/04/17/agora-certificado/
http://eltonminetto.net/blog/2007/04/18/material-sobre-django/,http://eltonminetto.net/2007/04/18/material-sobre-django/
http://eltonminetto.net/blog/2007/04/30/better-gmail/,http://eltonminetto.net/2007/04/30/better-gmail/
http://eltonminetto.net/blog/2007/04/30/funciona/,http://eltonminetto.net/2007/04/30/funciona/
http://eltonminetto.net/blog/2007/04/30/mais-sobre-django/,http://eltonminetto.net/2007/04/30/mais-sobre-django/
http://eltonminetto.net/blog/2007/05/07/livro-frameworks-para-desenvolvimento-em-php/,http://eltonminetto.net/2007/05/07/livro-frameworks-para-desenvolvimento-em-php/
http://eltonminetto.net/blog/2007/05/08/livro-frameworks-para-desenvolvimento-em-php/,http://eltonminetto.net/2007/05/08/livro-frameworks-para-desenvolvimento-em-php/
http://eltonminetto.net/blog/2007/05/18/material-da-palestra-de-grids-senac/,http://eltonminetto.net/2007/05/18/material-da-palestra-de-grids-senac/
http://eltonminetto.net/blog/2007/05/25/lancamento-do-livro/,http://eltonminetto.net/2007/05/25/lancamento-do-livro/
http://eltonminetto.net/blog/2007/06/05/fotos-e-arquivo-da-palestra-de-lancamento-do-livro/,http://eltonminetto.net/2007/06/05/fotos-e-arquivo-da-palestra-de-lancamento-do-livro/
http://eltonminetto.net/blog/2007/06/05/xdebug/,http://eltonminetto.net/2007/06/05/xdebug/
http://eltonminetto.net/blog/2007/06/06/fotos-e-arquivo-da-palestra-de-lancamento-do-livro/,http://eltonminetto.net/2007/06/06/fotos-e-arquivo-da-palestra-de-lancamento-do-livro/
http://eltonminetto.net/blog/2007/06/23/evendo-de-frameworks-em-sao-paulo/,http://eltonminetto.net/2007/06/23/evendo-de-frameworks-em-sao-paulo/
http://eltonminetto.net/blog/2007/06/23/palestra-em-brasilia/,http://eltonminetto.net/2007/06/23/palestra-em-brasilia/
http://eltonminetto.net/blog/2007/07/05/palestra-em-xanxere/,http://eltonminetto.net/2007/07/05/palestra-em-xanxere/
http://eltonminetto.net/blog/2007/07/11/codigos-do-livro-frameworks-para-desenvolvimento-em-php/,http://eltonminetto.net/2007/07/11/codigos-do-livro-frameworks-para-desenvolvimento-em-php/
http://eltonminetto.net/blog/2007/08/06/relato-do-evento-frameworks-de-desenvolvimento-web-com-php/,http://eltonminetto.net/2007/08/06/relato-do-evento-frameworks-de-desenvolvimento-web-com-php/
http://eltonminetto.net/blog/2007/08/21/vi-seminario-de-sistemas-de-informacao-fie/,http://eltonminetto.net/2007/08/21/vi-seminario-de-sistemas-de-informacao-fie/
http://eltonminetto.net/blog/2007/08/27/exemplo-de-rmi/,http://eltonminetto.net/2007/08/27/exemplo-de-rmi/
http://eltonminetto.net/blog/2007/08/30/material-da-palestra-oportunidades-do-software-livre/,http://eltonminetto.net/2007/08/30/material-da-palestra-oportunidades-do-software-livre/
http://eltonminetto.net/blog/2007/09/04/para-pensar/,http://eltonminetto.net/2007/09/04/para-pensar/
http://eltonminetto.net/blog/2007/09/13/novos-universos/,http://eltonminetto.net/2007/09/13/novos-universos/
http://eltonminetto.net/blog/2007/09/22/arquivos-palestra-i-boot/,http://eltonminetto.net/2007/09/22/arquivos-palestra-i-boot/
http://eltonminetto.net/blog/2007/09/24/smultron/,http://eltonminetto.net/2007/09/24/smultron/
http://eltonminetto.net/blog/2007/10/02/boas-noticias-para-os-frameworks/,http://eltonminetto.net/2007/10/02/boas-noticias-para-os-frameworks/
http://eltonminetto.net/blog/2007/10/08/unochapeco-e-google/,http://eltonminetto.net/2007/10/08/unochapeco-e-google/
http://eltonminetto.net/blog/2007/10/18/slimphp-11/,http://eltonminetto.net/2007/10/18/slimphp-11/
http://eltonminetto.net/blog/2007/10/19/atualizacoes/,http://eltonminetto.net/2007/10/19/atualizacoes/
http://eltonminetto.net/blog/2007/10/25/material-sobre-zend-framework-101/,http://eltonminetto.net/2007/10/25/material-sobre-zend-framework-101/
http://eltonminetto.net/blog/2007/10/29/evento-mao-na-massa-cake/,http://eltonminetto.net/2007/10/29/evento-mao-na-massa-cake/
http://eltonminetto.net/blog/2007/10/31/customizando-o-gedit-como-uma-ide-para-desenvolvimento-web/,http://eltonminetto.net/2007/10/31/customizando-o-gedit-como-uma-ide-para-desenvolvimento-web/
http://eltonminetto.net/blog/2007/10/31/indicacao-de-lista/,http://eltonminetto.net/2007/10/31/indicacao-de-lista/
http://eltonminetto.net/blog/2007/11/06/flock-10/,http://eltonminetto.net/2007/11/06/flock-10/
http://eltonminetto.net/blog/2007/12/04/me-ajude-a-ganhar-um-eeepc/,http://eltonminetto.net/2007/12/04/me-ajude-a-ganhar-um-eeepc/
http://eltonminetto.net/blog/2007/12/19/up-the-irons/,http://eltonminetto.net/2007/12/19/up-the-irons/
http://eltonminetto.net/blog/2008/01/17/como-pensar-como-um-cientista-da-computacao-usando-python/,http://eltonminetto.net/2008/01/17/como-pensar-como-um-cientista-da-computacao-usando-python/
http://eltonminetto.net/blog/2008/01/20/os-nerds-sao-cool/,http://eltonminetto.net/2008/01/20/os-nerds-sao-cool/
http://eltonminetto.net/blog/2008/01/24/tcc-sobre-customizacao-de-distribuicao-linux/,http://eltonminetto.net/2008/01/24/tcc-sobre-customizacao-de-distribuicao-linux/
http://eltonminetto.net/blog/2008/01/26/editores-de-programacao-para-mac/,http://eltonminetto.net/2008/01/26/editores-de-programacao-para-mac/
http://eltonminetto.net/blog/2008/01/28/242/,http://eltonminetto.net/2008/01/28/242/
http://eltonminetto.net/blog/2008/01/28/amadurecimento-do-modelo-de-software-livre/,http://eltonminetto.net/2008/01/28/amadurecimento-do-modelo-de-software-livre/
http://eltonminetto.net/blog/2008/02/13/mao-na-massa-cake/,http://eltonminetto.net/2008/02/13/mao-na-massa-cake/
http://eltonminetto.net/blog/2008/02/14/site-sobre-frameworks-de-php/,http://eltonminetto.net/2008/02/14/site-sobre-frameworks-de-php/
http://eltonminetto.net/blog/2008/02/18/yagni/,http://eltonminetto.net/2008/02/18/yagni/
http://eltonminetto.net/blog/2008/02/20/fotos-do-evento-mao-na-massa-cake/,http://eltonminetto.net/2008/02/20/fotos-do-evento-mao-na-massa-cake/
http://eltonminetto.net/blog/2008/02/28/novos-rumos/,http://eltonminetto.net/2008/02/28/novos-rumos/
http://eltonminetto.net/blog/2008/02/28/professor-nerd/,http://eltonminetto.net/2008/02/28/professor-nerd/
http://eltonminetto.net/blog/2008/03/12/minicurso-de-django-em-sp/,http://eltonminetto.net/2008/03/12/minicurso-de-django-em-sp/
http://eltonminetto.net/blog/2008/03/19/reportagem-sobre-django-na-info-online/,http://eltonminetto.net/2008/03/19/reportagem-sobre-django-na-info-online/
http://eltonminetto.net/blog/2008/04/02/mais-django-na-info/,http://eltonminetto.net/2008/04/02/mais-django-na-info/
http://eltonminetto.net/blog/2008/04/11/livro-sobre-zend-framework/,http://eltonminetto.net/2008/04/11/livro-sobre-zend-framework/
http://eltonminetto.net/blog/2008/04/11/softwares-open-source-para-mac/,http://eltonminetto.net/2008/04/11/softwares-open-source-para-mac/
http://eltonminetto.net/blog/2008/04/14/escritorios-da-web-20/,http://eltonminetto.net/2008/04/14/escritorios-da-web-20/
http://eltonminetto.net/blog/2008/04/15/fisl-90/,http://eltonminetto.net/2008/04/15/fisl-90/
http://eltonminetto.net/blog/2008/04/16/aptana/,http://eltonminetto.net/2008/04/16/aptana/
http://eltonminetto.net/blog/2008/04/22/python-mcrypt/,http://eltonminetto.net/2008/04/22/python-mcrypt/
http://eltonminetto.net/blog/2008/04/22/resenhas-de-livros-nacionais-de-php/,http://eltonminetto.net/2008/04/22/resenhas-de-livros-nacionais-de-php/
http://eltonminetto.net/blog/2008/04/23/fisl-90-2/,http://eltonminetto.net/2008/04/23/fisl-90-2/
http://eltonminetto.net/blog/2008/04/23/minicurso-de-webdesign/,http://eltonminetto.net/2008/04/23/minicurso-de-webdesign/
http://eltonminetto.net/blog/2008/04/25/500-livros-vendidos/,http://eltonminetto.net/2008/04/25/500-livros-vendidos/
http://eltonminetto.net/blog/2008/04/25/criando-uma-pseudo-coluna-no-cakephp/,http://eltonminetto.net/2008/04/25/criando-uma-pseudo-coluna-no-cakephp/
http://eltonminetto.net/blog/2008/04/25/plugin-para-o-wordpress-fazer-highlight-em-fontes/,http://eltonminetto.net/2008/04/25/plugin-para-o-wordpress-fazer-highlight-em-fontes/
http://eltonminetto.net/blog/2008/04/26/evento-phpsc-chamada-de-trabalhos/,http://eltonminetto.net/2008/04/26/evento-phpsc-chamada-de-trabalhos/
http://eltonminetto.net/blog/2008/04/26/video-aula-de-python-e-glade/,http://eltonminetto.net/2008/04/26/video-aula-de-python-e-glade/
http://eltonminetto.net/blog/2008/05/01/pybovespa/,http://eltonminetto.net/2008/05/01/pybovespa/
http://eltonminetto.net/blog/2008/05/26/dicas-de-performance-para-scripts-php/,http://eltonminetto.net/2008/05/26/dicas-de-performance-para-scripts-php/
http://eltonminetto.net/blog/2008/05/28/fotos-do-mao-na-massa-django/,http://eltonminetto.net/2008/05/28/fotos-do-mao-na-massa-django/
http://eltonminetto.net/blog/2008/05/29/mao-na-massa-python/,http://eltonminetto.net/2008/05/29/mao-na-massa-python/
http://eltonminetto.net/blog/2008/05/30/phpsc-conf/,http://eltonminetto.net/2008/05/30/phpsc-conf/
http://eltonminetto.net/blog/2008/06/02/meu-livro-sendo-usado-em-curso-da-4linux/,http://eltonminetto.net/2008/06/02/meu-livro-sendo-usado-em-curso-da-4linux/
http://eltonminetto.net/blog/2008/06/10/curso-de-python-em-chapeco/,http://eltonminetto.net/2008/06/10/curso-de-python-em-chapeco/
http://eltonminetto.net/blog/2008/06/17/gerador-de-provas-em-python/,http://eltonminetto.net/2008/06/17/gerador-de-provas-em-python/
http://eltonminetto.net/blog/2008/06/17/questionario-sobre-php/,http://eltonminetto.net/2008/06/17/questionario-sobre-php/
http://eltonminetto.net/blog/2008/06/23/saldo-do-phpsc-conf/,http://eltonminetto.net/2008/06/23/saldo-do-phpsc-conf/
http://eltonminetto.net/blog/2008/06/24/ajude-a-sustentar-a-wikipedia-e-outros-projetos-sem-colocar-a-mao-no-bolso-e-concorra-a-um-eee-pc/,http://eltonminetto.net/2008/06/24/ajude-a-sustentar-a-wikipedia-e-outros-projetos-sem-colocar-a-mao-no-bolso-e-concorra-a-um-eee-pc/
http://eltonminetto.net/blog/2008/06/25/excelente-apresentacao-sobre-pdo/,http://eltonminetto.net/2008/06/25/excelente-apresentacao-sobre-pdo/
http://eltonminetto.net/blog/2008/06/26/falta-de-visao-das-universidades/,http://eltonminetto.net/2008/06/26/falta-de-visao-das-universidades/
http://eltonminetto.net/blog/2008/06/30/php-e-o-flick/,http://eltonminetto.net/2008/06/30/php-e-o-flick/
http://eltonminetto.net/blog/2008/06/30/ultimas-vagas-para-curso-de-python-em-chapeco/,http://eltonminetto.net/2008/06/30/ultimas-vagas-para-curso-de-python-em-chapeco/
http://eltonminetto.net/blog/2008/07/04/eu-quero-trabalhar-nessa-empresa/,http://eltonminetto.net/2008/07/04/eu-quero-trabalhar-nessa-empresa/
http://eltonminetto.net/blog/2008/07/11/aumenta-demanda-por-profissionais-python-na-inglaterra/,http://eltonminetto.net/2008/07/11/aumenta-demanda-por-profissionais-python-na-inglaterra/
http://eltonminetto.net/blog/2008/07/25/geeks-sa/,http://eltonminetto.net/2008/07/25/geeks-sa/
http://eltonminetto.net/blog/2008/07/27/softwares-para-mac/,http://eltonminetto.net/2008/07/27/softwares-para-mac/
http://eltonminetto.net/blog/2008/08/02/de-mudanca/,http://eltonminetto.net/2008/08/02/de-mudanca/
http://eltonminetto.net/blog/2008/08/09/primeiro-compromisso-em-joinville/,http://eltonminetto.net/2008/08/09/primeiro-compromisso-em-joinville/
http://eltonminetto.net/blog/2008/08/24/primeira-semana-em-joinville/,http://eltonminetto.net/2008/08/24/primeira-semana-em-joinville/
http://eltonminetto.net/blog/2008/08/30/promocao-de-aniversario-do-site/,http://eltonminetto.net/2008/08/30/promocao-de-aniversario-do-site/
http://eltonminetto.net/blog/2008/09/09/sorteados-com-os-livros/,http://eltonminetto.net/2008/09/09/sorteados-com-os-livros/
http://eltonminetto.net/blog/2008/09/20/novo-texto-no-site-infotecnews/,http://eltonminetto.net/2008/09/20/novo-texto-no-site-infotecnews/
http://eltonminetto.net/blog/2008/10/02/como-tornar-se-um-php-ninja/,http://eltonminetto.net/2008/10/02/como-tornar-se-um-php-ninja/
http://eltonminetto.net/blog/2008/10/09/palestra-no-conaphp/,http://eltonminetto.net/2008/10/09/palestra-no-conaphp/
http://eltonminetto.net/blog/2008/10/17/novo-blog-e-promocao/,http://eltonminetto.net/2008/10/17/novo-blog-e-promocao/
http://eltonminetto.net/blog/2008/10/20/apresentacao-no-conaphp/,http://eltonminetto.net/2008/10/20/apresentacao-no-conaphp/
http://eltonminetto.net/blog/2008/10/21/vagas-de-emprego-em-joinville/,http://eltonminetto.net/2008/10/21/vagas-de-emprego-em-joinville/
http://eltonminetto.net/blog/2008/11/25/deploy-automatico-do-svn-para-o-htdocs/,http://eltonminetto.net/2008/11/25/deploy-automatico-do-svn-para-o-htdocs/
http://eltonminetto.net/blog/2008/11/25/lock-em-arquivos-usando-svn-e-subclipse/,http://eltonminetto.net/2008/11/25/lock-em-arquivos-usando-svn-e-subclipse/
http://eltonminetto.net/blog/2008/12/04/novo-blog/,http://eltonminetto.net/2008/12/04/novo-blog/
http://eltonminetto.net/blog/2008/12/08/curso-de-pos-graduacao-desenvolvimento-de-sistemas-web/,http://eltonminetto.net/2008/12/08/curso-de-pos-graduacao-desenvolvimento-de-sistemas-web/
http://eltonminetto.net/blog/2008/12/23/excelentes-oportunidades-para-desenvolvedores-php/,http://eltonminetto.net/2008/12/23/excelentes-oportunidades-para-desenvolvedores-php/
http://eltonminetto.net/blog/2009/01/28/de-volta-as-aulas/,http://eltonminetto.net/2009/01/28/de-volta-as-aulas/
http://eltonminetto.net/blog/2009/02/13/procura-se-beta-testers/,http://eltonminetto.net/2009/02/13/procura-se-beta-testers/
http://eltonminetto.net/blog/2009/03/18/promocao-voce-na-drimio/,http://eltonminetto.net/2009/03/18/promocao-voce-na-drimio/
http://eltonminetto.net/blog/2009/03/25/quer-trabalhar-na-drimio/,http://eltonminetto.net/2009/03/25/quer-trabalhar-na-drimio/
http://eltonminetto.net/blog/2009/04/08/reportagem-sobre-cakephp/,http://eltonminetto.net/2009/04/08/reportagem-sobre-cakephp/
http://eltonminetto.net/blog/2009/04/13/novo-layout/,http://eltonminetto.net/2009/04/13/novo-layout/
http://eltonminetto.net/blog/2009/04/17/chamada-de-trabalhos-phpsc-conf-202009-univali-itajai/,http://eltonminetto.net/2009/04/17/chamada-de-trabalhos-phpsc-conf-202009-univali-itajai/
http://eltonminetto.net/blog/2009/04/22/palestra-em-xanxere-2/,http://eltonminetto.net/2009/04/22/palestra-em-xanxere-2/
http://eltonminetto.net/blog/2009/04/27/materiais-das-palestras-em-xanxere/,http://eltonminetto.net/2009/04/27/materiais-das-palestras-em-xanxere/
http://eltonminetto.net/blog/2009/05/02/orgulho-do-seu-nelson/,http://eltonminetto.net/2009/05/02/orgulho-do-seu-nelson/
http://eltonminetto.net/blog/2009/05/12/e-melhor-estudar-sozinho-ou-cursar-uma-graduacao-de-ti/,http://eltonminetto.net/2009/05/12/e-melhor-estudar-sozinho-ou-cursar-uma-graduacao-de-ti/
http://eltonminetto.net/blog/2009/06/10/material-da-palestra-no-phpsc-conf-2009/,http://eltonminetto.net/2009/06/10/material-da-palestra-no-phpsc-conf-2009/
http://eltonminetto.net/blog/2009/06/19/fisl-10-0/,http://eltonminetto.net/2009/06/19/fisl-10-0/
http://eltonminetto.net/blog/2009/06/27/material-da-palestra-no-fisl-10/,http://eltonminetto.net/2009/06/27/material-da-palestra-no-fisl-10/
http://eltonminetto.net/blog/2009/09/10/mais-palestras/,http://eltonminetto.net/2009/09/10/mais-palestras/
http://eltonminetto.net/blog/2009/09/23/material-da-palestra-na-udesc/,http://eltonminetto.net/2009/09/23/material-da-palestra-na-udesc/
http://eltonminetto.net/blog/2009/10/21/palestra-no-itconf/,http://eltonminetto.net/2009/10/21/palestra-no-itconf/
http://eltonminetto.net/blog/2009/10/21/palestra-no-senai/,http://eltonminetto.net/2009/10/21/palestra-no-senai/
http://eltonminetto.net/blog/2009/11/05/script-para-tunning-de-performance-do-mysql/,http://eltonminetto.net/2009/11/05/script-para-tunning-de-performance-do-mysql/
http://eltonminetto.net/blog/2009/11/16/apresentacao-sobre-frameworks-em-php/,http://eltonminetto.net/2009/11/16/apresentacao-sobre-frameworks-em-php/
http://eltonminetto.net/blog/2009/11/29/php-conference-brasil-2009/,http://eltonminetto.net/2009/11/29/php-conference-brasil-2009/
http://eltonminetto.net/blog/2010/01/28/enviando-dms-do-twitter-via-shell-script/,http://eltonminetto.net/2010/01/28/enviando-dms-do-twitter-via-shell-script/
http://eltonminetto.net/blog/2010/03/10/contabilizar-espaco-usado-em-ftp-usando-python/,http://eltonminetto.net/2010/03/10/contabilizar-espaco-usado-em-ftp-usando-python/
http://eltonminetto.net/blog/2010/03/29/vi-escola-regional-de-banco-de-dados/,http://eltonminetto.net/2010/03/29/vi-escola-regional-de-banco-de-dados/
http://eltonminetto.net/blog/2010/04/19/apresentacao-sobre-mysql-no-erbd/,http://eltonminetto.net/2010/04/19/apresentacao-sobre-mysql-no-erbd/
http://eltonminetto.net/blog/2010/06/21/google-command-line-tools/,http://eltonminetto.net/2010/06/21/google-command-line-tools/
http://eltonminetto.net/blog/2010/06/21/phpsc-conf-2010/,http://eltonminetto.net/2010/06/21/phpsc-conf-2010/
http://eltonminetto.net/blog/2010/07/19/fisl-2010/,http://eltonminetto.net/2010/07/19/fisl-2010/
http://eltonminetto.net/blog/2010/07/26/material-de-minha-palestra-sobre-gearman/,http://eltonminetto.net/2010/07/26/material-de-minha-palestra-sobre-gearman/
http://eltonminetto.net/blog/2010/09/06/monografia-sobre-couchdb/,http://eltonminetto.net/2010/09/06/monografia-sobre-couchdb/
http://eltonminetto.net/blog/2010/09/16/palestras-na-unipar/,http://eltonminetto.net/2010/09/16/palestras-na-unipar/
http://eltonminetto.net/blog/2010/09/20/palestra-no-solisc/,http://eltonminetto.net/2010/09/20/palestra-no-solisc/
http://eltonminetto.net/blog/2010/10/02/slides-das-minhas-palestras-na-unipar/,http://eltonminetto.net/2010/10/02/slides-das-minhas-palestras-na-unipar/
http://eltonminetto.net/blog/2010/10/07/palestra-em-chapeco/,http://eltonminetto.net/2010/10/07/palestra-em-chapeco/
http://eltonminetto.net/blog/2010/10/07/wallpapers-do-estudio-alice/,http://eltonminetto.net/2010/10/07/wallpapers-do-estudio-alice/
http://eltonminetto.net/blog/2010/10/08/premio-meritus-unochapeco/,http://eltonminetto.net/2010/10/08/premio-meritus-unochapeco/
http://eltonminetto.net/blog/2010/10/14/como-ser-um-bom-profissional-de-ti/,http://eltonminetto.net/2010/10/14/como-ser-um-bom-profissional-de-ti/
http://eltonminetto.net/blog/2010/10/15/phpconference-2010/,http://eltonminetto.net/2010/10/15/phpconference-2010/
http://eltonminetto.net/blog/2010/10/24/apresentacao-no-solisc-2010/,http://eltonminetto.net/2010/10/24/apresentacao-no-solisc-2010/
http://eltonminetto.net/blog/2010/10/25/post-no-linha-de-codigo/,http://eltonminetto.net/2010/10/25/post-no-linha-de-codigo/
http://eltonminetto.net/blog/2010/11/01/about-me/,http://eltonminetto.net/2010/11/01/about-me/
http://eltonminetto.net/blog/2010/11/01/latinoware-2010/,http://eltonminetto.net/2010/11/01/latinoware-2010/
http://eltonminetto.net/blog/2010/11/16/premio-meritus-unochapeco-eu-ganhei/,http://eltonminetto.net/2010/11/16/premio-meritus-unochapeco-eu-ganhei/
http://eltonminetto.net/blog/2010/11/17/latinoware-2010-eu-fui/,http://eltonminetto.net/2010/11/17/latinoware-2010-eu-fui/
http://eltonminetto.net/blog/2010/12/01/php-conference-brasil-2010/,http://eltonminetto.net/2010/12/01/php-conference-brasil-2010/
http://eltonminetto.net/blog/2010/12/16/meu-ambiente/,http://eltonminetto.net/2010/12/16/meu-ambiente/
http://eltonminetto.net/blog/2010/12/20/novos-rumos-2-0/,http://eltonminetto.net/2010/12/20/novos-rumos-2-0/
http://eltonminetto.net/blog/2011/01/06/novo-layout-e-nova-hospedagem/,http://eltonminetto.net/2011/01/06/novo-layout-e-nova-hospedagem/
http://eltonminetto.net/blog/2011/01/27/processando-arquivos-de-profiling-do-xdebug-no-macosx/,http://eltonminetto.net/2011/01/27/processando-arquivos-de-profiling-do-xdebug-no-macosx/
http://eltonminetto.net/blog/2011/02/03/nob-em-joinville/,http://eltonminetto.net/2011/02/03/nob-em-joinville/
http://eltonminetto.net/blog/2011/02/26/screencast-sobre-siege/,http://eltonminetto.net/2011/02/26/screencast-sobre-siege/
http://eltonminetto.net/blog/2011/03/03/screencast-avaliacao-de-performance-no-mysql/,http://eltonminetto.net/2011/03/03/screencast-avaliacao-de-performance-no-mysql/
http://eltonminetto.net/blog/2011/03/07/php-fog/,http://eltonminetto.net/2011/03/07/php-fog/
http://eltonminetto.net/blog/2011/03/11/screencast-sobre-mysql-partitions/,http://eltonminetto.net/2011/03/11/screencast-sobre-mysql-partitions/
http://eltonminetto.net/blog/2011/03/24/screencast-sobre-dbslayer/,http://eltonminetto.net/2011/03/24/screencast-sobre-dbslayer/
http://eltonminetto.net/blog/2011/03/28/coderockr-no-vivoblog/,http://eltonminetto.net/2011/03/28/coderockr-no-vivoblog/
http://eltonminetto.net/blog/2011/04/07/curso-iphone/,http://eltonminetto.net/2011/04/07/curso-iphone/
http://eltonminetto.net/blog/2011/04/14/como-melhorar-sua-carreira/,http://eltonminetto.net/2011/04/14/como-melhorar-sua-carreira/
http://eltonminetto.net/blog/2011/05/06/screencast-sobre-amazon-web-services/,http://eltonminetto.net/2011/05/06/screencast-sobre-amazon-web-services/
http://eltonminetto.net/blog/2011/05/06/template-de-projeto-zend-framework/,http://eltonminetto.net/2011/05/06/template-de-projeto-zend-framework/
http://eltonminetto.net/blog/2011/05/18/e-book-zend-framework-na-pratica/,http://eltonminetto.net/2011/05/18/e-book-zend-framework-na-pratica/
http://eltonminetto.net/blog/2011/05/19/novo-site-da-coderockr/,http://eltonminetto.net/2011/05/19/novo-site-da-coderockr/
http://eltonminetto.net/blog/2011/05/26/e-book-disponivel/,http://eltonminetto.net/2011/05/26/e-book-disponivel/
http://eltonminetto.net/blog/2011/05/30/review-e-promocao-do-e-book/,http://eltonminetto.net/2011/05/30/review-e-promocao-do-e-book/
http://eltonminetto.net/blog/2011/06/02/sobre-e-books-e-ideias-que-mudam/,http://eltonminetto.net/2011/06/02/sobre-e-books-e-ideias-que-mudam/
http://eltonminetto.net/blog/2011/06/14/usando-o-zend-framework-via-cli/,http://eltonminetto.net/2011/06/14/usando-o-zend-framework-via-cli/
http://eltonminetto.net/blog/2011/06/16/webcast-sobre-mysql/,http://eltonminetto.net/2011/06/16/webcast-sobre-mysql/
http://eltonminetto.net/blog/2011/06/20/palestra-em-bento-golcalves/,http://eltonminetto.net/2011/06/20/palestra-em-bento-golcalves/
http://eltonminetto.net/blog/2011/06/22/blog-sobre-musica/,http://eltonminetto.net/2011/06/22/blog-sobre-musica/
http://eltonminetto.net/blog/2011/06/24/scaffolding-usando-zend-framework/,http://eltonminetto.net/2011/06/24/scaffolding-usando-zend-framework/
http://eltonminetto.net/blog/2011/06/24/tdc-sao-paulo-2011/,http://eltonminetto.net/2011/06/24/tdc-sao-paulo-2011/
http://eltonminetto.net/blog/2011/07/11/minicurso-de-zend-framework-no-parana/,http://eltonminetto.net/2011/07/11/minicurso-de-zend-framework-no-parana/
http://eltonminetto.net/blog/2011/07/11/slides-da-palestra-do-tdc/,http://eltonminetto.net/2011/07/11/slides-da-palestra-do-tdc/
http://eltonminetto.net/blog/2011/07/15/screencast-sobre-sphinx/,http://eltonminetto.net/2011/07/15/screencast-sobre-sphinx/
http://eltonminetto.net/blog/2011/07/19/news-feed-usando-nodejs-pubsub-io-e-jquery/,http://eltonminetto.net/2011/07/19/news-feed-usando-nodejs-pubsub-io-e-jquery/
http://eltonminetto.net/blog/2011/07/19/webcast-sobre-frameworks/,http://eltonminetto.net/2011/07/19/webcast-sobre-frameworks/
http://eltonminetto.net/blog/2011/07/20/sorteio-de-descontos-para-o-webcast-sobre-frameworks/,http://eltonminetto.net/2011/07/20/sorteio-de-descontos-para-o-webcast-sobre-frameworks/
http://eltonminetto.net/blog/2011/07/28/dropbox-como-substituto-do-idisk/,http://eltonminetto.net/2011/07/28/dropbox-como-substituto-do-idisk/
http://eltonminetto.net/blog/2011/08/02/vaga-para-programador-php-na-coderockr/,http://eltonminetto.net/2011/08/02/vaga-para-programador-php-na-coderockr/
http://eltonminetto.net/blog/2011/08/15/material-da-palestra-em-bento-goncalves/,http://eltonminetto.net/2011/08/15/material-da-palestra-em-bento-goncalves/
http://eltonminetto.net/blog/2011/08/22/video-da-apresentacao-tchelinux-otimizando-aplicacoes-zend-framework/,http://eltonminetto.net/2011/08/22/video-da-apresentacao-tchelinux-otimizando-aplicacoes-zend-framework/
http://eltonminetto.net/blog/2011/09/17/forum-maranhense-de-profissionais-php/,http://eltonminetto.net/2011/09/17/forum-maranhense-de-profissionais-php/
http://eltonminetto.net/blog/2011/09/30/tutorial-mao-na-massa-php-conference-2011/,http://eltonminetto.net/2011/09/30/tutorial-mao-na-massa-php-conference-2011/
http://eltonminetto.net/blog/2011/10/18/apresentacao-forum-maranhense-de-profissionais-php/,http://eltonminetto.net/2011/10/18/apresentacao-forum-maranhense-de-profissionais-php/
http://eltonminetto.net/blog/2011/10/24/usando-o-growlnotify-para-gerar-notificacoes-no-mac-osx/,http://eltonminetto.net/2011/10/24/usando-o-growlnotify-para-gerar-notificacoes-no-mac-osx/
http://eltonminetto.net/blog/2011/10/25/phpsc-conf-2011/,http://eltonminetto.net/2011/10/25/phpsc-conf-2011/
http://eltonminetto.net/blog/2011/10/27/usando-o-libnotify-bin-para-gerar-notificacoes-no-ubuntu/,http://eltonminetto.net/2011/10/27/usando-o-libnotify-bin-para-gerar-notificacoes-no-ubuntu/
http://eltonminetto.net/blog/2011/10/31/premio-meritus-unochapeco-2011/,http://eltonminetto.net/2011/10/31/premio-meritus-unochapeco-2011/
http://eltonminetto.net/blog/2011/11/01/artigo-na-php-review/,http://eltonminetto.net/2011/11/01/artigo-na-php-review/
http://eltonminetto.net/blog/2011/11/16/palestra-no-php-conference-2011/,http://eltonminetto.net/2011/11/16/palestra-no-php-conference-2011/
http://eltonminetto.net/blog/2011/11/21/slides-da-minha-apresentacao-no-phpscconf-2011/,http://eltonminetto.net/2011/11/21/slides-da-minha-apresentacao-no-phpscconf-2011/
http://eltonminetto.net/blog/2011/11/24/pos-graduacao-em-umuarama/,http://eltonminetto.net/2011/11/24/pos-graduacao-em-umuarama/
http://eltonminetto.net/blog/2011/11/29/slim-framework/,http://eltonminetto.net/2011/11/29/slim-framework/
http://eltonminetto.net/blog/2011/12/07/10-dicas-profissionais-do-mundo-php/,http://eltonminetto.net/2011/12/07/10-dicas-profissionais-do-mundo-php/
http://eltonminetto.net/blog/2011/12/07/phpconference-2011/,http://eltonminetto.net/2011/12/07/phpconference-2011/
http://eltonminetto.net/blog/2011/12/09/backup-dos-e-mails-do-gmail/,http://eltonminetto.net/2011/12/09/backup-dos-e-mails-do-gmail/
http://eltonminetto.net/blog/2011/12/09/novidades-sobre-o-zend-framework-na-pratica/,http://eltonminetto.net/2011/12/09/novidades-sobre-o-zend-framework-na-pratica/
http://eltonminetto.net/blog/2011/12/14/minha-alternativa-ao-delicious/,http://eltonminetto.net/2011/12/14/minha-alternativa-ao-delicious/
http://eltonminetto.net/blog/2011/12/23/chamando-o-sublime-text-via-terminal/,http://eltonminetto.net/2011/12/23/chamando-o-sublime-text-via-terminal/
http://eltonminetto.net/blog/2011/12/23/sublime-text/,http://eltonminetto.net/2011/12/23/sublime-text/
http://eltonminetto.net/blog/2012/01/03/curso-sobre-php-memcache-sphinx-e-gearman/,http://eltonminetto.net/2012/01/03/curso-sobre-php-memcache-sphinx-e-gearman/
http://eltonminetto.net/blog/2012/01/05/meus-dois-centavos-sobre-o-microphp-manifesto/,http://eltonminetto.net/2012/01/05/meus-dois-centavos-sobre-o-microphp-manifesto/
http://eltonminetto.net/blog/2012/01/05/nova-versao-do-meu-e-book-sobre-zend-framework/,http://eltonminetto.net/2012/01/05/nova-versao-do-meu-e-book-sobre-zend-framework/
http://eltonminetto.net/blog/2012/01/09/curso-de-zend-framework-em-joinville/,http://eltonminetto.net/2012/01/09/curso-de-zend-framework-em-joinville/
http://eltonminetto.net/blog/2012/01/12/curso-de-desenvolvimento-ios/,http://eltonminetto.net/2012/01/12/curso-de-desenvolvimento-ios/
http://eltonminetto.net/blog/2012/01/19/novo-aplicativo-da-coderockr/,http://eltonminetto.net/2012/01/19/novo-aplicativo-da-coderockr/
http://eltonminetto.net/blog/2012/01/19/usando-componentes-do-zend-framework/,http://eltonminetto.net/2012/01/19/usando-componentes-do-zend-framework/
http://eltonminetto.net/blog/2012/02/29/novos-webcasts-da-coderockr/,http://eltonminetto.net/2012/02/29/novos-webcasts-da-coderockr/
http://eltonminetto.net/blog/2012/03/13/soa-e-silex/,http://eltonminetto.net/2012/03/13/soa-e-silex/
http://eltonminetto.net/blog/2012/03/20/snippet-do-sublime-text-2-para-gerar-getters-e-setters-em-php/,http://eltonminetto.net/2012/03/20/snippet-do-sublime-text-2-para-gerar-getters-e-setters-em-php/
http://eltonminetto.net/blog/2012/04/02/usando-o-vagrant-para-criar-maquinas-virtuais-para-desenvolvimento-e-testes/,http://eltonminetto.net/2012/04/02/usando-o-vagrant-para-criar-maquinas-virtuais-para-desenvolvimento-e-testes/
http://eltonminetto.net/blog/2012/04/18/desafio-de-programacao/,http://eltonminetto.net/2012/04/18/desafio-de-programacao/
http://eltonminetto.net/blog/2012/04/19/uml-usando-astah/,http://eltonminetto.net/2012/04/19/uml-usando-astah/
http://eltonminetto.net/blog/2012/04/23/meteor/,http://eltonminetto.net/2012/04/23/meteor/
http://eltonminetto.net/blog/2012/04/25/git-sparse-checkouts/,http://eltonminetto.net/2012/04/25/git-sparse-checkouts/
http://eltonminetto.net/blog/2012/04/27/maldito-segmentation-fault/,http://eltonminetto.net/2012/04/27/maldito-segmentation-fault/
http://eltonminetto.net/blog/2012/05/03/crie-sua-marca-pessoal/,http://eltonminetto.net/2012/05/03/crie-sua-marca-pessoal/
http://eltonminetto.net/blog/2012/05/03/post-no-javascript-brasil/,http://eltonminetto.net/2012/05/03/post-no-javascript-brasil/
http://eltonminetto.net/blog/2012/05/07/palestra-sobre-seguranca-e-crimes-digitais/,http://eltonminetto.net/2012/05/07/palestra-sobre-seguranca-e-crimes-digitais/
http://eltonminetto.net/blog/2012/05/14/usando-jekyll-e-github-pages/,http://eltonminetto.net/2012/05/14/usando-jekyll-e-github-pages/
http://eltonminetto.net/blog/2012/06/06/vaga-para-programador-android/,http://eltonminetto.net/2012/06/06/vaga-para-programador-android/
http://eltonminetto.net/blog/2012/06/08/xip-io/,http://eltonminetto.net/2012/06/08/xip-io/
http://eltonminetto.net/blog/2012/06/20/palestra-no-tdc-sao-paulo/,http://eltonminetto.net/2012/06/20/palestra-no-tdc-sao-paulo/
http://eltonminetto.net/blog/2012/06/21/as-leis-vikings/,http://eltonminetto.net/2012/06/21/as-leis-vikings/
http://eltonminetto.net/blog/2012/06/25/curso-zend-framework-na-pratica/,http://eltonminetto.net/2012/06/25/curso-zend-framework-na-pratica/
http://eltonminetto.net/blog/2012/06/27/gerenciando-projetos-com-o-trello/,http://eltonminetto.net/2012/06/27/gerenciando-projetos-com-o-trello/
http://eltonminetto.net/blog/2012/06/28/pos-graduacao-em-desenvolvimento-de-aplicativos-para-dispositivos-moveis/,http://eltonminetto.net/2012/06/28/pos-graduacao-em-desenvolvimento-de-aplicativos-para-dispositivos-moveis/
http://eltonminetto.net/blog/2012/07/03/mvc-esta-morto/,http://eltonminetto.net/2012/07/03/mvc-esta-morto/
http://eltonminetto.net/blog/2012/07/09/palestra-em-campo-grande-ms/,http://eltonminetto.net/2012/07/09/palestra-em-campo-grande-ms/
http://eltonminetto.net/blog/2012/07/19/gerando-dados-para-testes-de-aplicativos/,http://eltonminetto.net/2012/07/19/gerando-dados-para-testes-de-aplicativos/
http://eltonminetto.net/blog/2012/07/31/software-developers-journal/,http://eltonminetto.net/2012/07/31/software-developers-journal/
http://eltonminetto.net/blog/2012/08/14/tdc-florianopolis/,http://eltonminetto.net/2012/08/14/tdc-florianopolis/
http://eltonminetto.net/blog/2012/08/22/primeira-aula-do-curso-zend-framework-na-pratica-gratis/,http://eltonminetto.net/2012/08/22/primeira-aula-do-curso-zend-framework-na-pratica-gratis/
http://eltonminetto.net/blog/2012/08/23/phpsc-conf-2012/,http://eltonminetto.net/2012/08/23/phpsc-conf-2012/
http://eltonminetto.net/blog/2012/08/31/como-voce-organiza-seu-dia/,http://eltonminetto.net/2012/08/31/como-voce-organiza-seu-dia/
http://eltonminetto.net/blog/2012/09/04/silex-composer-e-a-empolgacao-renovada-pelo-php/,http://eltonminetto.net/2012/09/04/silex-composer-e-a-empolgacao-renovada-pelo-php/
http://eltonminetto.net/blog/2012/09/10/apps-that-rock-lift/,http://eltonminetto.net/2012/09/10/apps-that-rock-lift/
http://eltonminetto.net/blog/2012/09/12/palestra-na-unochapeco/,http://eltonminetto.net/2012/09/12/palestra-na-unochapeco/
http://eltonminetto.net/blog/2012/09/28/prepare-se-para-o-alistamento-do-code-squad/,http://eltonminetto.net/2012/09/28/prepare-se-para-o-alistamento-do-code-squad/
http://eltonminetto.net/blog/2012/10/02/phpsc-conf-2012-2/,http://eltonminetto.net/2012/10/02/phpsc-conf-2012-2/
http://eltonminetto.net/blog/2012/10/03/palestra-na-univille/,http://eltonminetto.net/2012/10/03/palestra-na-univille/
http://eltonminetto.net/blog/2012/10/11/compartilhando-arquivos-via-web-usando-o-terminal/,http://eltonminetto.net/2012/10/11/compartilhando-arquivos-via-web-usando-o-terminal/
http://eltonminetto.net/blog/2012/10/11/palestra-sobre-inovacao-e-tecnologia/,http://eltonminetto.net/2012/10/11/palestra-sobre-inovacao-e-tecnologia/
http://eltonminetto.net/blog/2012/10/11/php-like-a-super-hero-versao-extendida/,http://eltonminetto.net/2012/10/11/php-like-a-super-hero-versao-extendida/
http://eltonminetto.net/blog/2012/10/17/lancamento-do-code-squad/,http://eltonminetto.net/2012/10/17/lancamento-do-code-squad/
http://eltonminetto.net/blog/2012/10/24/screencast-sobre-o-composer/,http://eltonminetto.net/2012/10/24/screencast-sobre-o-composer/
http://eltonminetto.net/blog/2012/10/25/slides-e-screencast-sobre-o-zend-framework-2/,http://eltonminetto.net/2012/10/25/slides-e-screencast-sobre-o-zend-framework-2/
http://eltonminetto.net/blog/2012/11/01/slides-e-screencast-sobre-o-silex/,http://eltonminetto.net/2012/11/01/slides-e-screencast-sobre-o-silex/
http://eltonminetto.net/blog/2012/11/09/novidades-sobre-o-zend-framework-2-na-pratica/,http://eltonminetto.net/2012/11/09/novidades-sobre-o-zend-framework-2-na-pratica/
http://eltonminetto.net/blog/2012/11/14/lancamento-zf2-napratica/,http://eltonminetto.net/2012/11/14/lancamento-zf2-napratica/
http://eltonminetto.net/blog/2012/11/16/vaga-para-designer-na-coderockr/,http://eltonminetto.net/2012/11/16/vaga-para-designer-na-coderockr/
http://eltonminetto.net/blog/2012/11/29/escrevendo-um-livro-do-modo-nerd/,http://eltonminetto.net/2012/11/29/escrevendo-um-livro-do-modo-nerd/
http://eltonminetto.net/blog/2012/11/29/oi-rdio/,http://eltonminetto.net/2012/11/29/oi-rdio/
http://eltonminetto.net/blog/2012/12/05/entrevista-no-jornal-a-sua-voz/,http://eltonminetto.net/2012/12/05/entrevista-no-jornal-a-sua-voz/
http://eltonminetto.net/blog/2012/12/18/plugin-para-o-mysql-workbench-gerar-sqlite/,http://eltonminetto.net/2012/12/18/plugin-para-o-mysql-workbench-gerar-sqlite/
http://eltonminetto.net/blog/2012/12/21/gerenciando-assets-por-modulos-no-zend-framework-2/,http://eltonminetto.net/2012/12/21/gerenciando-assets-por-modulos-no-zend-framework-2/
http://eltonminetto.net/blog/2013/01/04/migrando-wordpress-para-octopress/,http://eltonminetto.net/2013/01/04/migrando-wordpress-para-octopress/
http://eltonminetto.net/blog/2013/01/04/vagas-na-coderockr/,http://eltonminetto.net/2013/01/04/vagas-na-coderockr/
http://eltonminetto.net/blog/2013/01/07/desenvolvedores-e-portfolios/,http://eltonminetto.net/2013/01/07/desenvolvedores-e-portfolios/
http://eltonminetto.net/blog/2013/01/10/lancado-curso-de-zend-framework-2/,http://eltonminetto.net/2013/01/10/lancado-curso-de-zend-framework-2/
http://eltonminetto.net/blog/2013/01/14/apps-that-rock-moneywiz/,http://eltonminetto.net/2013/01/14/apps-that-rock-moneywiz/
http://eltonminetto.net/blog/2013/01/18/virei-podcaster/,http://eltonminetto.net/2013/01/18/virei-podcaster/
http://eltonminetto.net/blog/2013/01/23/screencast-sobre-o-sublime-text/,http://eltonminetto.net/2013/01/23/screencast-sobre-o-sublime-text/
http://eltonminetto.net/blog/2013/01/29/domando-o-e-mail/,http://eltonminetto.net/2013/01/29/domando-o-e-mail/
http://eltonminetto.net/blog/2013/02/05/promocao-code-squad/,http://eltonminetto.net/2013/02/05/promocao-code-squad/
http://eltonminetto.net/blog/2013/02/08/video-do-hangout-sobre-frameworks-e-a-coderockr/,http://eltonminetto.net/2013/02/08/video-do-hangout-sobre-frameworks-e-a-coderockr/
http://eltonminetto.net/blog/2013/02/14/code-squad-recruta-git-e-github/,http://eltonminetto.net/2013/02/14/code-squad-recruta-git-e-github/
http://eltonminetto.net/blog/2013/02/15/participacao-no-devcast-weekly/,http://eltonminetto.net/2013/02/15/participacao-no-devcast-weekly/
http://eltonminetto.net/blog/2013/03/07/profissional-de-ti-5-estrelas/,http://eltonminetto.net/2013/03/07/profissional-de-ti-5-estrelas/
http://eltonminetto.net/blog/2013/03/11/zend-framework-2-na-pratica-versao-impressa/,http://eltonminetto.net/2013/03/11/zend-framework-2-na-pratica-versao-impressa/
http://eltonminetto.net/blog/2013/03/21/subqueries-no-zend-framework-2/,http://eltonminetto.net/2013/03/21/subqueries-no-zend-framework-2/
http://eltonminetto.net/blog/2013/03/28/usando-a-api-javascript-do-vimeo/,http://eltonminetto.net/2013/03/28/usando-a-api-javascript-do-vimeo/
http://eltonminetto.net/blog/2013/04/01/code-squad-selecionado-para-o-projeto-startup-sc/,http://eltonminetto.net/2013/04/01/code-squad-selecionado-para-o-projeto-startup-sc/
http://eltonminetto.net/blog/2013/04/05/abraphp/,http://eltonminetto.net/2013/04/05/abraphp/
http://eltonminetto.net/blog/2013/04/05/nova-pagina-de-palestras/,http://eltonminetto.net/2013/04/05/nova-pagina-de-palestras/
http://eltonminetto.net/blog/2013/04/11/vida-profissional/,http://eltonminetto.net/2013/04/11/vida-profissional/
http://eltonminetto.net/blog/2013/04/16/code-squad-badges-no-myskills/,http://eltonminetto.net/2013/04/16/code-squad-badges-no-myskills/
http://eltonminetto.net/blog/2013/04/21/6-motivos-para-nao-usar-um-framework-php/,http://eltonminetto.net/2013/04/21/6-motivos-para-nao-usar-um-framework-php/
http://eltonminetto.net/blog/2013/04/23/code-squad-vagrant/,http://eltonminetto.net/2013/04/23/code-squad-vagrant/
http://eltonminetto.net/blog/2013/04/30/code-squad-assinaturas/,http://eltonminetto.net/2013/04/30/code-squad-assinaturas/
http://eltonminetto.net/blog/2013/05/02/code-squad-opauth/,http://eltonminetto.net/2013/05/02/code-squad-opauth/
http://eltonminetto.net/blog/2013/05/07/code-squad-carreiras/,http://eltonminetto.net/2013/05/07/code-squad-carreiras/
http://eltonminetto.net/blog/2013/05/13/palestra-sobre-desenvolvimento-mobile/,http://eltonminetto.net/2013/05/13/palestra-sobre-desenvolvimento-mobile/
http://eltonminetto.net/blog/2013/05/15/code-squad-hangout-carreira-php/,http://eltonminetto.net/2013/05/15/code-squad-hangout-carreira-php/
http://eltonminetto.net/blog/2013/05/17/usando-trello-para-simular-um-web-service/,http://eltonminetto.net/2013/05/17/usando-trello-para-simular-um-web-service/
http://eltonminetto.net/blog/2013/05/21/video-do-hangout-carreira-php/,http://eltonminetto.net/2013/05/21/video-do-hangout-carreira-php/
http://eltonminetto.net/blog/2013/05/29/blog-code-squad/,http://eltonminetto.net/2013/05/29/blog-code-squad/
http://eltonminetto.net/blog/2013/06/05/video-do-hangout-aplicacoes-php-a-prova-de-balas/,http://eltonminetto.net/2013/06/05/video-do-hangout-aplicacoes-php-a-prova-de-balas/
http://eltonminetto.net/blog/2013/06/08/desabafo-de-um-empreendedor/,http://eltonminetto.net/2013/06/08/desabafo-de-um-empreendedor/
http://eltonminetto.net/blog/2013/06/10/webminar-zend/,http://eltonminetto.net/2013/06/10/webminar-zend/
http://eltonminetto.net/blog/2013/06/11/usando-o-trello-na-linha-de-comando/,http://eltonminetto.net/2013/06/11/usando-o-trello-na-linha-de-comando/
http://eltonminetto.net/blog/2013/06/23/cultura-devops/,http://eltonminetto.net/2013/06/23/cultura-devops/
http://eltonminetto.net/blog/2013/07/03/atoum-uma-alternativa-ao-phpunit/,http://eltonminetto.net/2013/07/03/atoum-uma-alternativa-ao-phpunit/
http://eltonminetto.net/blog/2013/07/09/php-esta-voltando/,http://eltonminetto.net/2013/07/09/php-esta-voltando/
http://eltonminetto.net/blog/2013/07/12/nova-edicao-do-startup-sc/,http://eltonminetto.net/2013/07/12/nova-edicao-do-startup-sc/
http://eltonminetto.net/blog/2013/07/26/em-que-voce-acredita/,http://eltonminetto.net/2013/07/26/em-que-voce-acredita/
http://eltonminetto.net/blog/2013/07/31/programador-dave-grohl-e-nao-axl-rose/,http://eltonminetto.net/2013/07/31/programador-dave-grohl-e-nao-axl-rose/
http://eltonminetto.net/blog/2013/08/07/gravacao-do-webminar-da-zend/,http://eltonminetto.net/2013/08/07/gravacao-do-webminar-da-zend/
http://eltonminetto.net/blog/2013/08/14/modulo-do-zend-framework-2-para-criar-apis/,http://eltonminetto.net/2013/08/14/modulo-do-zend-framework-2-para-criar-apis/
http://eltonminetto.net/blog/2013/08/27/um-hacker-news-brasileiro/,http://eltonminetto.net/2013/08/27/um-hacker-news-brasileiro/
http://eltonminetto.net/blog/2013/08/29/chat-corporativo/,http://eltonminetto.net/2013/08/29/chat-corporativo/
http://eltonminetto.net/blog/2013/09/01/carreira/,http://eltonminetto.net/2013/09/01/carreira/
http://eltonminetto.net/blog/2013/09/03/media-center-com-o-raspberry-pi/,http://eltonminetto.net/2013/09/03/media-center-com-o-raspberry-pi/
http://eltonminetto.net/blog/2013/09/06/trabalhando-com-robos/,http://eltonminetto.net/2013/09/06/trabalhando-com-robos/
http://eltonminetto.net/blog/2013/09/09/exportando-um-repositorio-git/,http://eltonminetto.net/2013/09/09/exportando-um-repositorio-git/
http://eltonminetto.net/blog/2013/09/16/pergunte-ao-code-squad/,http://eltonminetto.net/2013/09/16/pergunte-ao-code-squad/
http://eltonminetto.net/blog/2013/09/18/voce-esta-se-enganando/,http://eltonminetto.net/2013/09/18/voce-esta-se-enganando/
http://eltonminetto.net/blog/2013/09/26/postach-dot-io/,http://eltonminetto.net/2013/09/26/postach-dot-io/
http://eltonminetto.net/blog/2013/09/27/keynote-speaker-na-phpconference-brasil/,http://eltonminetto.net/2013/09/27/keynote-speaker-na-phpconference-brasil/
http://eltonminetto.net/blog/2013/10/18/lean-publish-do-doctrine-na-pratica/,http://eltonminetto.net/2013/10/18/lean-publish-do-doctrine-na-pratica/
http://eltonminetto.net/blog/2013/11/04/frameworks-php-e-analogias/,http://eltonminetto.net/2013/11/04/frameworks-php-e-analogias/
http://eltonminetto.net/blog/2013/11/11/deploy-estilo-heroku-usando-git/,http://eltonminetto.net/2013/11/11/deploy-estilo-heroku-usando-git/
http://eltonminetto.net/blog/2013/11/14/entrevista-no-loop-infinito/,http://eltonminetto.net/2013/11/14/entrevista-no-loop-infinito/
http://eltonminetto.net/blog/2014/01/02/gerenciando-projetos-com-github-e-zenhub/,http://eltonminetto.net/2014/01/02/gerenciando-projetos-com-github-e-zenhub/
http://eltonminetto.net/blog/2014/01/06/startup-weekend-florianopolis/,http://eltonminetto.net/2014/01/06/startup-weekend-florianopolis/
http://eltonminetto.net/blog/2014/02/09/novo-desafio-ceo/,http://eltonminetto.net/2014/02/09/novo-desafio-ceo/
http://eltonminetto.net/blog/2014/02/10/a-paciencia-ou-a-demencia/,http://eltonminetto.net/2014/02/10/a-paciencia-ou-a-demencia/
http://eltonminetto.net/blog/2014/03/24/entrevista-no-blog-da-master-studio-web/,http://eltonminetto.net/2014/03/24/entrevista-no-blog-da-master-studio-web/
http://eltonminetto.net/blog/2014/03/27/melhores-de-2013-back-end/,http://eltonminetto.net/2014/03/27/melhores-de-2013-back-end/
http://eltonminetto.net/blog/2014/04/25/conheca-o-seu-dia/,http://eltonminetto.net/2014/04/25/conheca-o-seu-dia/
http://eltonminetto.net/blog/2014/05/03/canal-no-youtube-e-novo-screencast/,http://eltonminetto.net/2014/05/03/canal-no-youtube-e-novo-screencast/
http://eltonminetto.net/blog/2014/05/07/curso-de-zf2-em-umuarama-pr/,http://eltonminetto.net/2014/05/07/curso-de-zf2-em-umuarama-pr/
http://eltonminetto.net/blog/2014/05/08/apps-that-rock-fitbit/,http://eltonminetto.net/2014/05/08/apps-that-rock-fitbit/
http://eltonminetto.net/blog/2014/05/13/palestra-no-instituto-federal-catarinense/,http://eltonminetto.net/2014/05/13/palestra-no-instituto-federal-catarinense/
http://eltonminetto.net/blog/2014/06/09/novo-e-book-sobre-zf2/,http://eltonminetto.net/2014/06/09/novo-e-book-sobre-zf2/
http://eltonminetto.net/blog/2014/06/11/qual-framework-php-eu-escolho/,http://eltonminetto.net/2014/06/11/qual-framework-php-eu-escolho/
http://eltonminetto.net/blog/2014/07/08/criando-aplicacoes-soa-usando-silex/,http://eltonminetto.net/2014/07/08/criando-aplicacoes-soa-usando-silex/
http://eltonminetto.net/blog/2014/07/17/capa-de-revista/,http://eltonminetto.net/2014/07/17/capa-de-revista/
http://eltonminetto.net/blog/2014/07/29/a-day-to-remember-a-alice-nasceu/,http://eltonminetto.net/2014/07/29/a-day-to-remember-a-alice-nasceu/
http://eltonminetto.net/blog/2014/08/05/gerenciando-tarefas-com-o-trello-e-a-matriz-de-eisenhower/,http://eltonminetto.net/2014/08/05/gerenciando-tarefas-com-o-trello-e-a-matriz-de-eisenhower/
http://eltonminetto.net/blog/2014/08/15/palestra-em-marilia-slash-sp/,http://eltonminetto.net/2014/08/15/palestra-em-marilia-slash-sp/
http://eltonminetto.net/blog/2014/08/20/novo-projeto-frameworksphp-dot-com-dot-br/,http://eltonminetto.net/2014/08/20/novo-projeto-frameworksphp-dot-com-dot-br/
http://eltonminetto.net/blog/2014/08/25/silex-na-pratica/,http://eltonminetto.net/2014/08/25/silex-na-pratica/
http://eltonminetto.net/blog/2014/08/27/novas-capas-dos-meus-livros/,http://eltonminetto.net/2014/08/27/novas-capas-dos-meus-livros/
http://eltonminetto.net/blog/2014/09/09/falta-de-foco-o-mal-de-uma-geracao/,http://eltonminetto.net/2014/09/09/falta-de-foco-o-mal-de-uma-geracao/
http://eltonminetto.net/blog/2014/09/17/se-as-empresas-fossem-bandas-de-rock/,http://eltonminetto.net/2014/09/17/se-as-empresas-fossem-bandas-de-rock/
http://eltonminetto.net/blog/2014/10/01/curso-de-doctrine-no-php-conference-brasil-2014/,http://eltonminetto.net/2014/10/01/curso-de-doctrine-no-php-conference-brasil-2014/
http://eltonminetto.net/blog/2014/10/03/palestra-no-mobile-brazil-conference-2014/,http://eltonminetto.net/2014/10/03/palestra-no-mobile-brazil-conference-2014/
http://eltonminetto.net/blog/2014/10/11/newsletter-sobre-php/,http://eltonminetto.net/2014/10/11/newsletter-sobre-php/
http://eltonminetto.net/blog/2014/11/26/multitasking-so-e-bom-no-seu-computador/,http://eltonminetto.net/2014/11/26/multitasking-so-e-bom-no-seu-computador/
http://eltonminetto.net/blog/2014/12/23/aplicativos-indispensaveis-em-2014/,http://eltonminetto.net/2014/12/23/aplicativos-indispensaveis-em-2014/
http://eltonminetto.net/blog/2015/01/03/e-que-venha-2015/,http://eltonminetto.net/2015/01/03/e-que-venha-2015/
http://eltonminetto.net/blog/2015/01/05/startup-weekend-florianopolis/,http://eltonminetto.net/2015/01/05/startup-weekend-florianopolis/
http://eltonminetto.net/blog/2015/01/10/zend-framework-evangelist/,http://eltonminetto.net/2015/01/10/zend-framework-evangelist/
http://eltonminetto.net/blog/2015/01/12/usando-o-z-ray-com-o-zend-framework/,http://eltonminetto.net/2015/01/12/usando-o-z-ray-com-o-zend-framework/